"ID","Name","WindingCount"
"tx2-1004-1003-1","O DONNELL ~2-O DONNELL ~1",2
"tx2-1006-1005-1","BIG SPRING~9-BIG SPRING~8",2
"tx2-1009-1008-1","IRAAN 2 1-IRAAN 2 0",2
"tx2-1011-1010-1","PRESIDIO 1 1-PRESIDIO 1 0",2
"tx2-1021-1020-1","BIG SPRING~2-BIG SPRING~1",2
"tx2-1023-1022-1","O DONNELL ~4-O DONNELL ~3",2
"tx2-1026-1025-1","BIG SPRIN~15-BIG SPRIN~14",2
"tx2-1033-1032-1","MCCAMEY 1 1-MCCAMEY 1 0",2
"tx2-1035-1034-1","BIG SPRING~7-BIG SPRING~6",2
"tx2-1039-1038-1","FORT STOCK~2-FORT STOCK~1",2
"tx2-1042-1041-1","FORSAN 1-FORSAN 0",2
"tx2-1043-1041-1","FORSAN 2-FORSAN 0",2
"tx2-1048-1047-1","MONAHANS 1 1-MONAHANS 1 0",2
"tx2-1049-1047-1","MONAHANS 1 2-MONAHANS 1 0",2
"tx2-1050-1047-1","MONAHANS 1 3-MONAHANS 1 0",2
"tx2-1051-1047-1","MONAHANS 1 4-MONAHANS 1 0",2
"tx2-1052-1047-1","MONAHANS 1 5-MONAHANS 1 0",2
"tx2-1053-1047-1","MONAHANS 1 6-MONAHANS 1 0",2
"tx2-1057-1056-1","LENORAH 1-LENORAH 0",2
"tx2-1059-1058-1","IRAAN 3 1-IRAAN 3 0",2
"tx2-1060-1058-1","IRAAN 3 2-IRAAN 3 0",2
"tx2-1062-1061-1","BIG SPRIN~11-BIG SPRIN~10",2
"tx2-1063-1061-1","BIG SPRIN~12-BIG SPRIN~10",2
"tx2-1066-1065-1","BIG SPRING~5-BIG SPRING~4",2
"tx2-1070-1069-1","IRAAN 1 1-IRAAN 1 0",2
"tx2-1072-1071-1","ODESSA 1 1-ODESSA 1 0",2
"tx2-1073-1071-1","ODESSA 1 2-ODESSA 1 0",2
"tx2-1074-1071-1","ODESSA 1 3-ODESSA 1 0",2
"tx2-1075-1071-1","ODESSA 1 4-ODESSA 1 0",2
"tx2-1076-1071-1","ODESSA 1 5-ODESSA 1 0",2
"tx2-1077-1071-1","ODESSA 1 6-ODESSA 1 0",2
"tx2-1078-1071-1","ODESSA 1 7-ODESSA 1 0",2
"tx2-1079-1071-1","ODESSA 1 8-ODESSA 1 0",2
"tx2-1080-1071-1","ODESSA 1 9-ODESSA 1 0",2
"tx2-1081-1071-1","ODESSA 1 10-ODESSA 1 0",2
"tx2-2003-2002-1","SAVOY 1-SAVOY 0",2
"tx2-2004-2002-1","SAVOY 2-SAVOY 0",2
"tx2-2005-2002-1","SAVOY 3-SAVOY 0",2
"tx2-2006-2002-1","SAVOY 4-SAVOY 0",2
"tx2-2012-2011-1","PANHANDLE ~3-PANHANDLE ~2",2
"tx2-2013-2011-1","PANHANDLE ~4-PANHANDLE ~2",2
"tx2-2018-2017-1","PANHANDLE ~8-PANHANDLE ~7",2
"tx2-2019-2017-1","PANHANDLE ~9-PANHANDLE ~7",2
"tx2-2022-2021-1","PARIS 2 1-PARIS 2 0",2
"tx2-2023-2021-1","PARIS 2 2-PARIS 2 0",2
"tx2-2024-2021-1","PARIS 2 3-PARIS 2 0",2
"tx2-2042-2041-1","PANHANDLE ~6-PANHANDLE ~5",2
"tx2-2055-2054-1","WICHITA FA~2-WICHITA FA~1",2
"tx2-2055-2054-2","WICHITA FA~2-WICHITA FA~1",2
"tx2-2056-2054-1","WICHITA FA~3-WICHITA FA~1",2
"tx2-2057-2054-1","WICHITA FA~4-WICHITA FA~1",2
"tx2-2059-2058-1","WHITE DEER 1-WHITE DEER 0",2
"tx2-2062-2061-1","VERNON 1 1-VERNON 1 0",2
"tx2-2071-2070-1","ARCHER 2 1-ARCHER 2 0",2
"tx2-2074-2073-1","JAYTON 1-JAYTON 0",2
"tx2-2076-2073-1","JAYTON 3-JAYTON 0",2
"tx2-2078-2077-1","MUENSTER 1 1-MUENSTER 1 0",2
"tx2-2083-2082-1","WICHITA FA~6-WICHITA FA~5",2
"tx2-2084-2082-1","WICHITA FA~7-WICHITA FA~5",2
"tx2-2085-2082-1","WICHITA FA~8-WICHITA FA~5",2
"tx2-2089-2088-1","ARCHER 1 1-ARCHER 1 0",2
"tx2-2094-2093-1","PANHANDLE~11-PANHANDLE~10",2
"tx2-2095-2093-1","PANHANDLE~12-PANHANDLE~10",2
"tx2-2097-2096-1","RALLS 1 1-RALLS 1 0",2
"tx2-2099-2096-1","RALLS 1 3-RALLS 1 0",2
"tx2-2100-2096-1","RALLS 1 4-RALLS 1 0",2
"tx2-2098-2097-1","RALLS 1 2-RALLS 1 1",2
"tx2-2102-2101-1","SHERMAN 1 1-SHERMAN 1 0",2
"tx2-2103-2101-1","SHERMAN 1 2-SHERMAN 1 0",2
"tx2-2104-2101-1","SHERMAN 1 3-SHERMAN 1 0",2
"tx2-2105-2101-1","SHERMAN 1 4-SHERMAN 1 0",2
"tx2-2114-2113-1","PARIS 1 1-PARIS 1 0",2
"tx2-2115-2113-1","PARIS 1 2-PARIS 1 0",2
"tx2-2116-2113-1","PARIS 1 3-PARIS 1 0",2
"tx2-2117-2113-1","PARIS 1 4-PARIS 1 0",2
"tx2-2118-2113-1","PARIS 1 5-PARIS 1 0",2
"tx2-2119-2113-1","PARIS 1 6-PARIS 1 0",2
"tx2-2120-2113-1","PARIS 1 7-PARIS 1 0",2
"tx2-2128-2127-1","MIAMI 1-MIAMI 0",2
"tx2-2131-2130-1","HASKELL 1-HASKELL 0",2
"tx2-3002-3001-1","KERRVILLE 1-KERRVILLE 0",2
"tx2-3002-3001-2","KERRVILLE 1-KERRVILLE 0",2
"tx2-3004-3003-1","SWEETWATER~5-SWEETWATER~4",2
"tx2-3017-3016-1","BLACKWELL 1-BLACKWELL 0",2
"tx2-3019-3018-1","CHRISTOVAL 1-CHRISTOVAL 0",2
"tx2-3019-3018-2","CHRISTOVAL 1-CHRISTOVAL 0",2
"tx2-3020-3018-1","CHRISTOVAL 2-CHRISTOVAL 0",2
"tx2-3027-3026-1","ABILENE 2 1-ABILENE 2 0",2
"tx2-3028-3026-1","ABILENE 2 2-ABILENE 2 0",2
"tx2-3034-3033-1","SNYDER 1 1-SNYDER 1 0",2
"tx2-3038-3037-1","ROSCOE 2 1-ROSCOE 2 0",2
"tx2-3039-3037-1","ROSCOE 2 2-ROSCOE 2 0",2
"tx2-3042-3041-1","SILVER 1-SILVER 0",2
"tx2-3043-3041-1","SILVER 2-SILVER 0",2
"tx2-3044-3041-1","SILVER 3-SILVER 0",2
"tx2-3045-3041-1","SILVER 4-SILVER 0",2
"tx2-3047-3046-1","ROSCOE 5 1-ROSCOE 5 0",2
"tx2-3048-3046-1","ROSCOE 5 2-ROSCOE 5 0",2
"tx2-3048-3046-2","ROSCOE 5 2-ROSCOE 5 0",2
"tx2-3051-3050-1","DEL RIO 1-DEL RIO 0",2
"tx2-3051-3050-2","DEL RIO 1-DEL RIO 0",2
"tx2-3054-3053-1","WINGATE 1-WINGATE 0",2
"tx2-3055-3053-1","WINGATE 2-WINGATE 0",2
"tx2-3056-3053-1","WINGATE 3-WINGATE 0",2
"tx2-3057-3053-1","WINGATE 4-WINGATE 0",2
"tx2-3059-3058-1","STERLING C~2-STERLING C~1",2
"tx2-3060-3058-1","STERLING C~3-STERLING C~1",2
"tx2-3061-3058-1","STERLING C~4-STERLING C~1",2
"tx2-3062-3058-1","STERLING C~5-STERLING C~1",2
"tx2-3063-3058-1","STERLING C~6-STERLING C~1",2
"tx2-3065-3064-1","ROSCOE 4 1-ROSCOE 4 0",2
"tx2-3068-3067-1","TRENT 1 1-TRENT 1 0",2
"tx2-3071-3070-1","NOLAN 1-NOLAN 0",2
"tx2-3074-3073-1","BRACKETTVI~4-BRACKETTVI~3",2
"tx2-3079-3078-1","HERMLEIGH 1-HERMLEIGH 0",2
"tx2-3081-3078-1","HERMLEIGH 3-HERMLEIGH 0",2
"tx2-3080-3079-1","HERMLEIGH 2-HERMLEIGH 1",2
"tx2-3083-3082-1","MERKEL 1 1-MERKEL 1 0",2
"tx2-3084-3082-1","MERKEL 1 2-MERKEL 1 0",2
"tx2-3086-3085-1","LORAINE 1 1-LORAINE 1 0",2
"tx2-3087-3085-1","LORAINE 1 2-LORAINE 1 0",2
"tx2-3089-3088-1","ABILENE 1 1-ABILENE 1 0",2
"tx2-3092-3088-1","ABILENE 1 4-ABILENE 1 0",2
"tx2-3091-3090-1","ABILENE 1 3-ABILENE 1 2",2
"tx2-3095-3094-1","MERKEL 2 1-MERKEL 2 0",2
"tx2-3097-3096-1","FLUVANNA 2 1-FLUVANNA 2 0",2
"tx2-3097-3096-2","FLUVANNA 2 1-FLUVANNA 2 0",2
"tx2-3098-3096-1","FLUVANNA 2 2-FLUVANNA 2 0",2
"tx2-3105-3104-1","BUCHANAN D~2-BUCHANAN D~1",2
"tx2-3106-3104-1","BUCHANAN D~3-BUCHANAN D~1",2
"tx2-3110-3109-1","FLUVANNA 1 1-FLUVANNA 1 0",2
"tx2-3112-3111-1","STERLING C~8-STERLING C~7",2
"tx2-3113-3111-1","STERLING C~9-STERLING C~7",2
"tx2-3117-3116-1","SYNDER 1-SYNDER 0",2
"tx2-3118-3116-1","SYNDER 2-SYNDER 0",2
"tx2-3120-3119-1","BRACKETTVI~2-BRACKETTVI~1",2
"tx2-3122-3121-1","ROSCOE 1 1-ROSCOE 1 0",2
"tx2-3134-3133-1","SNYDER 2 1-SNYDER 2 0",2
"tx2-3136-3135-1","SNYDER 2 3-SNYDER 2 2",2
"tx2-4005-4004-1","LAREDO 7 1-LAREDO 7 0",2
"tx2-4010-4009-1","SARITA 3 1-SARITA 3 0",2
"tx2-4010-4009-2","SARITA 3 1-SARITA 3 0",2
"tx2-4015-4014-1","EAGLE PASS 1-EAGLE PASS 0",2
"tx2-4015-4014-2","EAGLE PASS 1-EAGLE PASS 0",2
"tx2-4025-4024-1","CHRISTINE 1-CHRISTINE 0",2
"tx2-4026-4024-1","CHRISTINE 2-CHRISTINE 0",2
"tx2-4026-4024-2","CHRISTINE 2-CHRISTINE 0",2
"tx2-4029-4028-1","FANNIN 1-FANNIN 0",2
"tx2-4029-4028-2","FANNIN 1-FANNIN 0",2
"tx2-4030-4028-1","FANNIN 2-FANNIN 0",2
"tx2-4030-4028-2","FANNIN 2-FANNIN 0",2
"tx2-4030-4028-3","FANNIN 2-FANNIN 0",2
"tx2-4040-4039-1","MISSION 4 1-MISSION 4 0",2
"tx2-4040-4039-2","MISSION 4 1-MISSION 4 0",2
"tx2-4042-4041-1","SAN JUAN 1-SAN JUAN 0",2
"tx2-4042-4041-2","SAN JUAN 1-SAN JUAN 0",2
"tx2-4042-4041-3","SAN JUAN 1-SAN JUAN 0",2
"tx2-4045-4044-1","FALCON HEI~2-FALCON HEI~1",2
"tx2-4046-4044-1","FALCON HEI~3-FALCON HEI~1",2
"tx2-4047-4044-1","FALCON HEI~4-FALCON HEI~1",2
"tx2-4050-4049-1","SEBASTIAN ~3-SEBASTIAN ~2",2
"tx2-4050-4049-2","SEBASTIAN ~3-SEBASTIAN ~2",2
"tx2-4052-4051-1","BISHOP 1-BISHOP 0",2
"tx2-4057-4056-1","GREGORY 1-GREGORY 0",2
"tx2-4058-4056-1","GREGORY 2-GREGORY 0",2
"tx2-4059-4056-1","GREGORY 3-GREGORY 0",2
"tx2-4060-4056-1","GREGORY 4-GREGORY 0",2
"tx2-4061-4056-1","GREGORY 5-GREGORY 0",2
"tx2-4062-4056-1","GREGORY 6-GREGORY 0",2
"tx2-4063-4056-1","GREGORY 7-GREGORY 0",2
"tx2-4065-4064-1","CORPUS CH~17-CORPUS CH~16",2
"tx2-4071-4070-1","BROWNSVILL~4-BROWNSVILL~3",2
"tx2-4071-4070-2","BROWNSVILL~4-BROWNSVILL~3",2
"tx2-4074-4073-1","MISSION 1 1-MISSION 1 0",2
"tx2-4074-4073-2","MISSION 1 1-MISSION 1 0",2
"tx2-4075-4073-1","MISSION 1 2-MISSION 1 0",2
"tx2-4076-4073-1","MISSION 1 3-MISSION 1 0",2
"tx2-4077-4073-1","MISSION 1 4-MISSION 1 0",2
"tx2-4081-4080-1","CORPUS CH~19-CORPUS CH~18",2
"tx2-4081-4080-2","CORPUS CH~19-CORPUS CH~18",2
"tx2-4082-4080-1","CORPUS CH~20-CORPUS CH~18",2
"tx2-4083-4080-1","CORPUS CH~21-CORPUS CH~18",2
"tx2-4084-4080-1","CORPUS CH~22-CORPUS CH~18",2
"tx2-4085-4080-1","CORPUS CH~23-CORPUS CH~18",2
"tx2-4090-4089-1","SANTA ROSA~2-SANTA ROSA~1",2
"tx2-4091-4089-1","SANTA ROSA~3-SANTA ROSA~1",2
"tx2-4092-4089-1","SANTA ROSA~4-SANTA ROSA~1",2
"tx2-4093-4089-1","SANTA ROSA~5-SANTA ROSA~1",2
"tx2-4094-4089-1","SANTA ROSA~6-SANTA ROSA~1",2
"tx2-4095-4089-1","SANTA ROSA~7-SANTA ROSA~1",2
"tx2-4096-4089-1","SANTA ROSA~8-SANTA ROSA~1",2
"tx2-4097-4089-1","SANTA ROSA~9-SANTA ROSA~1",2
"tx2-4098-4089-1","SANTA ROS~10-SANTA ROSA~1",2
"tx2-4105-4104-1","TAFT 2 1-TAFT 2 0",2
"tx2-4105-4104-2","TAFT 2 1-TAFT 2 0",2
"tx2-4114-4113-1","LAREDO 1 1-LAREDO 1 0",2
"tx2-4115-4113-1","LAREDO 1 2-LAREDO 1 0",2
"tx2-4116-4113-1","LAREDO 1 3-LAREDO 1 0",2
"tx2-4132-4131-1","PEARSALL 1-PEARSALL 0",2
"tx2-4132-4131-2","PEARSALL 1-PEARSALL 0",2
"tx2-4133-4131-1","PEARSALL 2-PEARSALL 0",2
"tx2-4134-4131-1","PEARSALL 3-PEARSALL 0",2
"tx2-4135-4131-1","PEARSALL 4-PEARSALL 0",2
"tx2-4136-4131-1","PEARSALL 5-PEARSALL 0",2
"tx2-4137-4131-1","PEARSALL 6-PEARSALL 0",2
"tx2-4138-4131-1","PEARSALL 7-PEARSALL 0",2
"tx2-4141-4140-1","SARITA 1 1-SARITA 1 0",2
"tx2-4142-4140-1","SARITA 1 2-SARITA 1 0",2
"tx2-4147-4146-1","LAREDO 4 1-LAREDO 4 0",2
"tx2-4152-4151-1","ARMSTRONG ~2-ARMSTRONG ~1",2
"tx2-4152-4151-2","ARMSTRONG ~2-ARMSTRONG ~1",2
"tx2-4153-4151-1","ARMSTRONG ~3-ARMSTRONG ~1",2
"tx2-4159-4158-1","CORPUS CHR~2-CORPUS CHR~1",2
"tx2-4159-4158-2","CORPUS CHR~2-CORPUS CHR~1",2
"tx2-4160-4158-1","CORPUS CHR~3-CORPUS CHR~1",2
"tx2-4161-4158-1","CORPUS CHR~4-CORPUS CHR~1",2
"tx2-4162-4158-1","CORPUS CHR~5-CORPUS CHR~1",2
"tx2-4163-4158-1","CORPUS CHR~6-CORPUS CHR~1",2
"tx2-4166-4165-1","SARITA 2 1-SARITA 2 0",2
"tx2-4166-4165-2","SARITA 2 1-SARITA 2 0",2
"tx2-4177-4176-1","BRUNI 1 1-BRUNI 1 0",2
"tx2-4177-4176-2","BRUNI 1 1-BRUNI 1 0",2
"tx2-4182-4181-1","TAFT 1 1-TAFT 1 0",2
"tx2-4184-4183-1","SAN PERLIT~2-SAN PERLIT~1",2
"tx2-4193-4192-1","BROWNSVILL~2-BROWNSVILL~1",2
"tx2-4193-4192-2","BROWNSVILL~2-BROWNSVILL~1",2
"tx2-4193-4192-3","BROWNSVILL~2-BROWNSVILL~1",2
"tx2-5016-5015-1","KELLER 2 1-KELLER 2 0",2
"tx2-5016-5015-2","KELLER 2 1-KELLER 2 0",2
"tx2-5019-5018-1","JACKSBORO ~2-JACKSBORO ~1",2
"tx2-5020-5018-1","JACKSBORO ~3-JACKSBORO ~1",2
"tx2-5022-5021-1","ALEDO 1 1-ALEDO 1 0",2
"tx2-5022-5021-2","ALEDO 1 1-ALEDO 1 0",2
"tx2-5023-5021-1","ALEDO 1 2-ALEDO 1 0",2
"tx2-5034-5033-1","DALLAS 1 1-DALLAS 1 0",2
"tx2-5035-5033-1","DALLAS 1 2-DALLAS 1 0",2
"tx2-5036-5033-1","DALLAS 1 3-DALLAS 1 0",2
"tx2-5037-5033-1","DALLAS 1 4-DALLAS 1 0",2
"tx2-5038-5033-1","DALLAS 1 5-DALLAS 1 0",2
"tx2-5039-5033-1","DALLAS 1 6-DALLAS 1 0",2
"tx2-5040-5033-1","DALLAS 1 7-DALLAS 1 0",2
"tx2-5041-5033-1","DALLAS 1 8-DALLAS 1 0",2
"tx2-5042-5033-1","DALLAS 1 9-DALLAS 1 0",2
"tx2-5046-5045-1","STEPHENVIL~2-STEPHENVIL~1",2
"tx2-5048-5047-1","MANSFIELD 1-MANSFIELD 0",2
"tx2-5050-5049-1","GREENVILLE~2-GREENVILLE~1",2
"tx2-5051-5049-1","GREENVILLE~3-GREENVILLE~1",2
"tx2-5052-5049-1","GREENVILLE~4-GREENVILLE~1",2
"tx2-5056-5055-1","GRAHAM 1-GRAHAM 0",2
"tx2-5057-5055-1","GRAHAM 2-GRAHAM 0",2
"tx2-5058-5055-1","GRAHAM 3-GRAHAM 0",2
"tx2-5060-5059-1","MABANK 2 1-MABANK 2 0",2
"tx2-5064-5063-1","ARLINGTON ~2-ARLINGTON ~1",2
"tx2-5064-5063-2","ARLINGTON ~2-ARLINGTON ~1",2
"tx2-5065-5063-1","ARLINGTON ~3-ARLINGTON ~1",2
"tx2-5066-5063-1","ARLINGTON ~4-ARLINGTON ~1",2
"tx2-5067-5063-1","ARLINGTON ~5-ARLINGTON ~1",2
"tx2-5068-5063-1","ARLINGTON ~6-ARLINGTON ~1",2
"tx2-5069-5063-1","ARLINGTON ~7-ARLINGTON ~1",2
"tx2-5077-5076-1","TERRELL 1 1-TERRELL 1 0",2
"tx2-5084-5083-1","MCKINNEY 3 1-MCKINNEY 3 0",2
"tx2-5089-5088-1","CLIFTON 1 1-CLIFTON 1 0",2
"tx2-5103-5102-1","RICHARDSON~3-RICHARDSON~2",2
"tx2-5103-5102-2","RICHARDSON~3-RICHARDSON~2",2
"tx2-5106-5105-1","IRVING 1 1-IRVING 1 0",2
"tx2-5107-5105-1","IRVING 1 2-IRVING 1 0",2
"tx2-5121-5120-1","BROWNWOOD 1-BROWNWOOD 0",2
"tx2-5124-5123-1","MARLIN 1-MARLIN 0",2
"tx2-5132-5131-1","BELTON 1-BELTON 0",2
"tx2-5138-5137-1","WACO 1 1-WACO 1 0",2
"tx2-5165-5164-1","DENTON 1 1-DENTON 1 0",2
"tx2-5166-5164-1","DENTON 1 2-DENTON 1 0",2
"tx2-5167-5164-1","DENTON 1 3-DENTON 1 0",2
"tx2-5170-5169-1","DUBLIN 1 1-DUBLIN 1 0",2
"tx2-5180-5179-1","CORSICANA ~3-CORSICANA ~2",2
"tx2-5193-5192-1","KILLEEN 4 1-KILLEEN 4 0",2
"tx2-5197-5196-1","BRYSON 1 1-BRYSON 1 0",2
"tx2-5198-5196-1","BRYSON 1 2-BRYSON 1 0",2
"tx2-5205-5204-1","POOLVILLE 1-POOLVILLE 0",2
"tx2-5206-5204-1","POOLVILLE 2-POOLVILLE 0",2
"tx2-5207-5204-1","POOLVILLE 3-POOLVILLE 0",2
"tx2-5208-5204-1","POOLVILLE 4-POOLVILLE 0",2
"tx2-5237-5236-1","OLNEY 1 1-OLNEY 1 0",2
"tx2-5238-5236-1","OLNEY 1 2-OLNEY 1 0",2
"tx2-5240-5239-1","GOLDTHWAIT~2-GOLDTHWAIT~1",2
"tx2-5243-5239-1","GOLDTHWAIT~5-GOLDTHWAIT~1",2
"tx2-5241-5240-1","GOLDTHWAIT~3-GOLDTHWAIT~2",2
"tx2-5261-5260-1","GLEN ROSE ~2-GLEN ROSE ~1",2
"tx2-5262-5260-1","GLEN ROSE ~3-GLEN ROSE ~1",2
"tx2-5263-5260-1","GLEN ROSE ~4-GLEN ROSE ~1",2
"tx2-5280-5279-1","TEMPLE 1 1-TEMPLE 1 0",2
"tx2-5281-5279-1","TEMPLE 1 2-TEMPLE 1 0",2
"tx2-5282-5279-1","TEMPLE 1 3-TEMPLE 1 0",2
"tx2-5283-5279-1","TEMPLE 1 4-TEMPLE 1 0",2
"tx2-5296-5295-1","MCKINNEY 1 1-MCKINNEY 1 0",2
"tx2-5297-5295-1","MCKINNEY 1 2-MCKINNEY 1 0",2
"tx2-5298-5295-1","MCKINNEY 1 3-MCKINNEY 1 0",2
"tx2-5299-5295-1","MCKINNEY 1 4-MCKINNEY 1 0",2
"tx2-5300-5295-1","MCKINNEY 1 5-MCKINNEY 1 0",2
"tx2-5301-5295-1","MCKINNEY 1 6-MCKINNEY 1 0",2
"tx2-5302-5295-1","MCKINNEY 1 7-MCKINNEY 1 0",2
"tx2-5303-5295-1","MCKINNEY 1 8-MCKINNEY 1 0",2
"tx2-5305-5304-1","ALLEN 1 1-ALLEN 1 0",2
"tx2-5318-5317-1","GRANBURY 1 1-GRANBURY 1 0",2
"tx2-5319-5317-1","GRANBURY 1 2-GRANBURY 1 0",2
"tx2-5320-5317-1","GRANBURY 1 3-GRANBURY 1 0",2
"tx2-5321-5317-1","GRANBURY 1 4-GRANBURY 1 0",2
"tx2-5323-5322-1","DALLAS 2 1-DALLAS 2 0",2
"tx2-5323-5322-2","DALLAS 2 1-DALLAS 2 0",2
"tx2-5324-5322-1","DALLAS 2 2-DALLAS 2 0",2
"tx2-5325-5322-1","DALLAS 2 3-DALLAS 2 0",2
"tx2-5326-5322-1","DALLAS 2 4-DALLAS 2 0",2
"tx2-5342-5341-1","LEWISVILLE~2-LEWISVILLE~1",2
"tx2-5343-5341-1","LEWISVILLE~3-LEWISVILLE~1",2
"tx2-5351-5350-1","GARLAND 1 1-GARLAND 1 0",2
"tx2-5351-5350-2","GARLAND 1 1-GARLAND 1 0",2
"tx2-5359-5358-1","RIESEL 1 1-RIESEL 1 0",2
"tx2-5360-5358-1","RIESEL 1 2-RIESEL 1 0",2
"tx2-5362-5361-1","BRIDGEPORT 1-BRIDGEPORT 0",2
"tx2-5363-5361-1","BRIDGEPORT 2-BRIDGEPORT 0",2
"tx2-5364-5361-1","BRIDGEPORT 3-BRIDGEPORT 0",2
"tx2-5365-5361-1","BRIDGEPORT 4-BRIDGEPORT 0",2
"tx2-5366-5361-1","BRIDGEPORT 5-BRIDGEPORT 0",2
"tx2-5367-5361-1","BRIDGEPORT 6-BRIDGEPORT 0",2
"tx2-5368-5361-1","BRIDGEPORT 7-BRIDGEPORT 0",2
"tx2-5369-5361-1","BRIDGEPORT 8-BRIDGEPORT 0",2
"tx2-5381-5380-1","ENNIS 1-ENNIS 0",2
"tx2-5382-5380-1","ENNIS 2-ENNIS 0",2
"tx2-5383-5380-1","ENNIS 3-ENNIS 0",2
"tx2-5385-5384-1","DALLAS 3 1-DALLAS 3 0",2
"tx2-5385-5384-2","DALLAS 3 1-DALLAS 3 0",2
"tx2-5389-5388-1","WACO 2 1-WACO 2 0",2
"tx2-5391-5390-1","ROGERS 1-ROGERS 0",2
"tx2-5395-5394-1","ALBANY 1 1-ALBANY 1 0",2
"tx2-5399-5394-1","ALBANY 1 5-ALBANY 1 0",2
"tx2-5396-5395-1","ALBANY 1 2-ALBANY 1 1",2
"tx2-5397-5396-1","ALBANY 1 3-ALBANY 1 2",2
"tx2-5402-5401-1","GRANBURY 2 1-GRANBURY 2 0",2
"tx2-5403-5401-1","GRANBURY 2 2-GRANBURY 2 0",2
"tx2-5404-5401-1","GRANBURY 2 3-GRANBURY 2 0",2
"tx2-5405-5401-1","GRANBURY 2 4-GRANBURY 2 0",2
"tx2-5406-5401-1","GRANBURY 2 5-GRANBURY 2 0",2
"tx2-5411-5410-1","KILLEEN 3 1-KILLEEN 3 0",2
"tx2-5414-5413-1","PALO PINTO~2-PALO PINTO~1",2
"tx2-5415-5413-1","PALO PINTO~3-PALO PINTO~1",2
"tx2-5416-5413-1","PALO PINTO~4-PALO PINTO~1",2
"tx2-5417-5413-1","PALO PINTO~5-PALO PINTO~1",2
"tx2-5418-5413-1","PALO PINTO~6-PALO PINTO~1",2
"tx2-5419-5413-1","PALO PINTO~7-PALO PINTO~1",2
"tx2-5423-5422-1","LEWSIVILLE 1-LEWSIVILLE 0",2
"tx2-5424-5422-1","LEWSIVILLE 2-LEWSIVILLE 0",2
"tx2-5445-5444-1","MIDLOTHIAN~2-MIDLOTHIAN~1",2
"tx2-5449-5448-1","GRAND PRAI~4-GRAND PRAI~3",2
"tx2-5452-5451-1","COPPERAS C~2-COPPERAS C~1",2
"tx2-5459-5458-1","HOLLAND 1-HOLLAND 0",2
"tx2-5465-5464-1","FRISCO 2 1-FRISCO 2 0",2
"tx2-5480-5479-1","BURLESON 1-BURLESON 0",2
"tx2-6004-6003-1","BASTROP 1-BASTROP 0",2
"tx2-6006-6003-1","BASTROP 3-BASTROP 0",2
"tx2-6007-6003-1","BASTROP 4-BASTROP 0",2
"tx2-6008-6003-1","BASTROP 5-BASTROP 0",2
"tx2-6009-6003-1","BASTROP 6-BASTROP 0",2
"tx2-6010-6003-1","BASTROP 7-BASTROP 0",2
"tx2-6005-6004-1","BASTROP 2-BASTROP 1",2
"tx2-6005-6004-2","BASTROP 2-BASTROP 1",2
"tx2-6022-6021-1","LEANDER 1 1-LEANDER 1 0",2
"tx2-6023-6022-1","LEANDER 1 2-LEANDER 1 1",2
"tx2-6031-6030-1","YOAKUM 1-YOAKUM 0",2
"tx2-6034-6033-1","PFLUGERVIL~2-PFLUGERVIL~1",2
"tx2-6035-6034-1","PFLUGERVIL~3-PFLUGERVIL~2",2
"tx2-6035-6034-2","PFLUGERVIL~3-PFLUGERVIL~2",2
"tx2-6037-6036-1","SAN ANTON~13-SAN ANTON~12",2
"tx2-6037-6036-2","SAN ANTON~13-SAN ANTON~12",2
"tx2-6037-6036-3","SAN ANTON~13-SAN ANTON~12",2
"tx2-6039-6038-1","AUSTIN 3 1-AUSTIN 3 0",2
"tx2-6041-6038-1","AUSTIN 3 3-AUSTIN 3 0",2
"tx2-6042-6038-1","AUSTIN 3 4-AUSTIN 3 0",2
"tx2-6040-6039-1","AUSTIN 3 2-AUSTIN 3 1",2
"tx2-6040-6039-2","AUSTIN 3 2-AUSTIN 3 1",2
"tx2-6046-6045-1","SAN ANTON~22-SAN ANTON~21",2
"tx2-6048-6045-1","SAN ANTON~24-SAN ANTON~21",2
"tx2-6049-6045-1","SAN ANTON~25-SAN ANTON~21",2
"tx2-6050-6045-1","SAN ANTON~26-SAN ANTON~21",2
"tx2-6051-6045-1","SAN ANTON~27-SAN ANTON~21",2
"tx2-6052-6045-1","SAN ANTON~28-SAN ANTON~21",2
"tx2-6053-6045-1","SAN ANTON~29-SAN ANTON~21",2
"tx2-6054-6045-1","SAN ANTON~30-SAN ANTON~21",2
"tx2-6047-6046-1","SAN ANTON~23-SAN ANTON~22",2
"tx2-6047-6046-2","SAN ANTON~23-SAN ANTON~22",2
"tx2-6057-6056-1","NEW BRAUN~10-NEW BRAUNF~9",2
"tx2-6058-6057-1","NEW BRAUN~11-NEW BRAUN~10",2
"tx2-6058-6057-2","NEW BRAUN~11-NEW BRAUN~10",2
"tx2-6063-6062-1","BRENHAM 1-BRENHAM 0",2
"tx2-6064-6063-1","BRENHAM 2-BRENHAM 1",2
"tx2-6067-6066-1","MARION 1 1-MARION 1 0",2
"tx2-6069-6066-1","MARION 1 3-MARION 1 0",2
"tx2-6070-6066-1","MARION 1 4-MARION 1 0",2
"tx2-6071-6066-1","MARION 1 5-MARION 1 0",2
"tx2-6072-6066-1","MARION 1 6-MARION 1 0",2
"tx2-6073-6066-1","MARION 1 7-MARION 1 0",2
"tx2-6074-6066-1","MARION 1 8-MARION 1 0",2
"tx2-6068-6067-1","MARION 1 2-MARION 1 1",2
"tx2-6068-6067-2","MARION 1 2-MARION 1 1",2
"tx2-6076-6075-1","LA GRANGE 1-LA GRANGE 0",2
"tx2-6078-6075-1","LA GRANGE 3-LA GRANGE 0",2
"tx2-6079-6075-1","LA GRANGE 4-LA GRANGE 0",2
"tx2-6080-6075-1","LA GRANGE 5-LA GRANGE 0",2
"tx2-6077-6076-1","LA GRANGE 2-LA GRANGE 1",2
"tx2-6082-6081-1","MARBLE FAL~2-MARBLE FAL~1",2
"tx2-6083-6081-1","MARBLE FAL~3-MARBLE FAL~1",2
"tx2-6085-6084-1","ROUND ROCK~2-ROUND ROCK~1",2
"tx2-6086-6084-1","ROUND ROCK~3-ROUND ROCK~1",2
"tx2-6087-6084-1","ROUND ROCK~4-ROUND ROCK~1",2
"tx2-6088-6084-1","ROUND ROCK~5-ROUND ROCK~1",2
"tx2-6089-6084-1","ROUND ROCK~6-ROUND ROCK~1",2
"tx2-6090-6084-1","ROUND ROCK~7-ROUND ROCK~1",2
"tx2-6102-6101-1","WINCHESTER 1-WINCHESTER 0",2
"tx2-6104-6101-1","WINCHESTER 3-WINCHESTER 0",2
"tx2-6105-6101-1","WINCHESTER 4-WINCHESTER 0",2
"tx2-6106-6101-1","WINCHESTER 5-WINCHESTER 0",2
"tx2-6103-6102-1","WINCHESTER 2-WINCHESTER 1",2
"tx2-6108-6107-1","ROCKDALE 1 1-ROCKDALE 1 0",2
"tx2-6110-6107-1","ROCKDALE 1 3-ROCKDALE 1 0",2
"tx2-6111-6107-1","ROCKDALE 1 4-ROCKDALE 1 0",2
"tx2-6109-6108-1","ROCKDALE 1 2-ROCKDALE 1 1",2
"tx2-6119-6118-1","CEDAR PARK 1-CEDAR PARK 0",2
"tx2-6120-6119-1","CEDAR PARK 2-CEDAR PARK 1",2
"tx2-6120-6119-2","CEDAR PARK 2-CEDAR PARK 1",2
"tx2-6142-6141-1","SAN ANTONI~2-SAN ANTONI~1",2
"tx2-6142-6141-2","SAN ANTONI~2-SAN ANTONI~1",2
"tx2-6144-6141-1","SAN ANTONI~4-SAN ANTONI~1",2
"tx2-6145-6141-1","SAN ANTONI~5-SAN ANTONI~1",2
"tx2-6146-6141-1","SAN ANTONI~6-SAN ANTONI~1",2
"tx2-6147-6141-1","SAN ANTONI~7-SAN ANTONI~1",2
"tx2-6148-6141-1","SAN ANTONI~8-SAN ANTONI~1",2
"tx2-6149-6141-1","SAN ANTONI~9-SAN ANTONI~1",2
"tx2-6143-6142-1","SAN ANTONI~3-SAN ANTONI~2",2
"tx2-6143-6142-2","SAN ANTONI~3-SAN ANTONI~2",2
"tx2-6143-6142-3","SAN ANTONI~3-SAN ANTONI~2",2
"tx2-6153-6152-1","SAN ANTON~34-SAN ANTON~33",2
"tx2-6162-6161-1","SEGUIN 1 1-SEGUIN 1 0",2
"tx2-6164-6161-1","SEGUIN 1 3-SEGUIN 1 0",2
"tx2-6165-6161-1","SEGUIN 1 4-SEGUIN 1 0",2
"tx2-6166-6161-1","SEGUIN 1 5-SEGUIN 1 0",2
"tx2-6167-6161-1","SEGUIN 1 6-SEGUIN 1 0",2
"tx2-6163-6162-1","SEGUIN 1 2-SEGUIN 1 1",2
"tx2-6170-6169-1","SAN ANTON~76-SAN ANTON~75",2
"tx2-6171-6170-1","SAN ANTON~77-SAN ANTON~76",2
"tx2-6173-6172-1","CUERO 2 1-CUERO 2 0",2
"tx2-6178-6177-1","SAN ANTON~74-SAN ANTON~73",2
"tx2-6178-6177-2","SAN ANTON~74-SAN ANTON~73",2
"tx2-6178-6177-3","SAN ANTON~74-SAN ANTON~73",2
"tx2-6189-6188-1","COLUMBUS 1-COLUMBUS 0",2
"tx2-6193-6192-1","CALDWELL 1-CALDWELL 0",2
"tx2-6198-6197-1","SAN ANTON~52-SAN ANTON~51",2
"tx2-6199-6198-1","SAN ANTON~53-SAN ANTON~52",2
"tx2-6199-6198-2","SAN ANTON~53-SAN ANTON~52",2
"tx2-6199-6198-3","SAN ANTON~53-SAN ANTON~52",2
"tx2-6211-6210-1","MARBLE FAL~5-MARBLE FAL~4",2
"tx2-6213-6210-1","MARBLE FAL~7-MARBLE FAL~4",2
"tx2-6214-6210-1","MARBLE FAL~8-MARBLE FAL~4",2
"tx2-6215-6210-1","MARBLE FAL~9-MARBLE FAL~4",2
"tx2-6216-6210-1","MARBLE FA~10-MARBLE FAL~4",2
"tx2-6212-6211-1","MARBLE FAL~6-MARBLE FAL~5",2
"tx2-6223-6222-1","AUSTIN 27 1-AUSTIN 27 0",2
"tx2-6223-6222-2","AUSTIN 27 1-AUSTIN 27 0",2
"tx2-6223-6222-3","AUSTIN 27 1-AUSTIN 27 0",2
"tx2-6229-6228-1","SAN MARCOS 1-SAN MARCOS 0",2
"tx2-6230-6229-1","SAN MARCOS 2-SAN MARCOS 1",2
"tx2-6230-6229-2","SAN MARCOS 2-SAN MARCOS 1",2
"tx2-6235-6234-1","SAN ANTON~71-SAN ANTON~70",2
"tx2-6236-6235-1","SAN ANTON~72-SAN ANTON~71",2
"tx2-6236-6235-2","SAN ANTON~72-SAN ANTON~71",2
"tx2-6240-6239-1","ELMENDORF 1-ELMENDORF 0",2
"tx2-6242-6239-1","ELMENDORF 3-ELMENDORF 0",2
"tx2-6243-6239-1","ELMENDORF 4-ELMENDORF 0",2
"tx2-6244-6239-1","ELMENDORF 5-ELMENDORF 0",2
"tx2-6245-6239-1","ELMENDORF 6-ELMENDORF 0",2
"tx2-6246-6239-1","ELMENDORF 7-ELMENDORF 0",2
"tx2-6247-6239-1","ELMENDORF 8-ELMENDORF 0",2
"tx2-6248-6239-1","ELMENDORF 9-ELMENDORF 0",2
"tx2-6249-6239-1","ELMENDORF 10-ELMENDORF 0",2
"tx2-6241-6240-1","ELMENDORF 2-ELMENDORF 1",2
"tx2-6241-6240-2","ELMENDORF 2-ELMENDORF 1",2
"tx2-6255-6254-1","AUSTIN 2 1-AUSTIN 2 0",2
"tx2-6257-6254-1","AUSTIN 2 3-AUSTIN 2 0",2
"tx2-6258-6254-1","AUSTIN 2 4-AUSTIN 2 0",2
"tx2-6259-6254-1","AUSTIN 2 5-AUSTIN 2 0",2
"tx2-6260-6254-1","AUSTIN 2 6-AUSTIN 2 0",2
"tx2-6256-6255-1","AUSTIN 2 2-AUSTIN 2 1",2
"tx2-6256-6255-2","AUSTIN 2 2-AUSTIN 2 1",2
"tx2-6264-6263-1","KENEDY 1-KENEDY 0",2
"tx2-6266-6265-1","CUERO 1 1-CUERO 1 0",2
"tx2-6267-6265-1","CUERO 1 2-CUERO 1 0",2
"tx2-6268-6265-1","CUERO 1 3-CUERO 1 0",2
"tx2-6269-6265-1","CUERO 1 4-CUERO 1 0",2
"tx2-6270-6265-1","CUERO 1 5-CUERO 1 0",2
"tx2-6271-6265-1","CUERO 1 6-CUERO 1 0",2
"tx2-6272-6265-1","CUERO 1 7-CUERO 1 0",2
"tx2-6273-6265-1","CUERO 1 8-CUERO 1 0",2
"tx2-6274-6265-1","CUERO 1 9-CUERO 1 0",2
"tx2-6278-6277-1","KYLE 1-KYLE 0",2
"tx2-6280-6279-1","SEGUIN 2 1-SEGUIN 2 0",2
"tx2-6286-6285-1","BOERNE 2 1-BOERNE 2 0",2
"tx2-6288-6287-1","SAN ANTON~46-SAN ANTON~45",2
"tx2-6288-6287-2","SAN ANTON~46-SAN ANTON~45",2
"tx2-6293-6292-1","CEDAR CREE~2-CEDAR CREE~1",2
"tx2-6295-6292-1","CEDAR CREE~4-CEDAR CREE~1",2
"tx2-6296-6292-1","CEDAR CREE~5-CEDAR CREE~1",2
"tx2-6297-6292-1","CEDAR CREE~6-CEDAR CREE~1",2
"tx2-6294-6293-1","CEDAR CREE~3-CEDAR CREE~2",2
"tx2-6299-6298-1","NEW BRAUNF~2-NEW BRAUNF~1",2
"tx2-6301-6298-1","NEW BRAUNF~4-NEW BRAUNF~1",2
"tx2-6302-6298-1","NEW BRAUNF~5-NEW BRAUNF~1",2
"tx2-6303-6298-1","NEW BRAUNF~6-NEW BRAUNF~1",2
"tx2-6304-6298-1","NEW BRAUNF~7-NEW BRAUNF~1",2
"tx2-6305-6298-1","NEW BRAUNF~8-NEW BRAUNF~1",2
"tx2-6300-6299-1","NEW BRAUNF~3-NEW BRAUNF~2",2
"tx2-6309-6308-1","HONDO 1-HONDO 0",2
"tx2-6316-6315-1","GEORGETOWN~4-GEORGETOWN~3",2
"tx2-6319-6318-1","GEORGETOWN~7-GEORGETOWN~6",2
"tx2-6322-6321-1","FLORESVILL~2-FLORESVILL~1",2
"tx2-6334-6333-1","SAN ANTON~65-SAN ANTON~64",2
"tx2-6335-6334-1","SAN ANTON~66-SAN ANTON~65",2
"tx2-6343-6342-1","ROUND ROC~10-ROUND ROCK~9",2
"tx2-6344-6343-1","ROUND ROC~11-ROUND ROC~10",2
"tx2-6344-6343-2","ROUND ROC~11-ROUND ROC~10",2
"tx2-6347-6346-1","OILTON 1-OILTON 0",2
"tx2-6348-6347-1","OILTON 2-OILTON 1",2
"tx2-6350-6349-1","AUSTIN 1 1-AUSTIN 1 0",2
"tx2-6351-6350-1","AUSTIN 1 2-AUSTIN 1 1",2
"tx2-6351-6350-2","AUSTIN 1 2-AUSTIN 1 1",2
"tx2-6355-6354-1","ROUND ROC~13-ROUND ROC~12",2
"tx2-6355-6354-2","ROUND ROC~13-ROUND ROC~12",2
"tx2-6360-6359-1","BURNET 1-BURNET 0",2
"tx2-7003-7002-1","PASADENA 2 1-PASADENA 2 0",2
"tx2-7005-7002-1","PASADENA 2 3-PASADENA 2 0",2
"tx2-7006-7002-1","PASADENA 2 4-PASADENA 2 0",2
"tx2-7007-7002-1","PASADENA 2 5-PASADENA 2 0",2
"tx2-7008-7002-1","PASADENA 2 6-PASADENA 2 0",2
"tx2-7009-7002-1","PASADENA 2 7-PASADENA 2 0",2
"tx2-7004-7003-1","PASADENA 2 2-PASADENA 2 1",2
"tx2-7004-7003-2","PASADENA 2 2-PASADENA 2 1",2
"tx2-7004-7003-3","PASADENA 2 2-PASADENA 2 1",2
"tx2-7015-7014-1","HOUSTON 1 1-HOUSTON 1 0",2
"tx2-7019-7018-1","NURSERY 1-NURSERY 0",2
"tx2-7021-7018-1","NURSERY 3-NURSERY 0",2
"tx2-7022-7018-1","NURSERY 4-NURSERY 0",2
"tx2-7023-7018-1","NURSERY 5-NURSERY 0",2
"tx2-7024-7018-1","NURSERY 6-NURSERY 0",2
"tx2-7025-7018-1","NURSERY 7-NURSERY 0",2
"tx2-7020-7019-1","NURSERY 2-NURSERY 1",2
"tx2-7030-7029-1","PORT LAVAC~2-PORT LAVAC~1",2
"tx2-7031-7029-1","PORT LAVAC~3-PORT LAVAC~1",2
"tx2-7032-7029-1","PORT LAVAC~4-PORT LAVAC~1",2
"tx2-7033-7029-1","PORT LAVAC~5-PORT LAVAC~1",2
"tx2-7034-7029-1","PORT LAVAC~6-PORT LAVAC~1",2
"tx2-7036-7035-1","CONROE 5 1-CONROE 5 0",2
"tx2-7038-7037-1","SUGAR LAND~6-SUGAR LAND~5",2
"tx2-7039-7038-1","SUGAR LAND~7-SUGAR LAND~6",2
"tx2-7039-7038-2","SUGAR LAND~7-SUGAR LAND~6",2
"tx2-7041-7040-1","DAYTON 1-DAYTON 0",2
"tx2-7041-7040-2","DAYTON 1-DAYTON 0",2
"tx2-7043-7042-1","VICTORIA 2 1-VICTORIA 2 0",2
"tx2-7045-7042-1","VICTORIA 2 3-VICTORIA 2 0",2
"tx2-7046-7042-1","VICTORIA 2 4-VICTORIA 2 0",2
"tx2-7044-7043-1","VICTORIA 2 2-VICTORIA 2 1",2
"tx2-7048-7047-1","KATY 1 1-KATY 1 0",2
"tx2-7049-7048-1","KATY 1 2-KATY 1 1",2
"tx2-7049-7048-2","KATY 1 2-KATY 1 1",2
"tx2-7057-7056-1","SPRING 8 1-SPRING 8 0",2
"tx2-7059-7058-1","POINT COMF~5-POINT COMF~4",2
"tx2-7061-7058-1","POINT COMF~7-POINT COMF~4",2
"tx2-7062-7058-1","POINT COMF~8-POINT COMF~4",2
"tx2-7063-7058-1","POINT COMF~9-POINT COMF~4",2
"tx2-7064-7058-1","POINT COM~10-POINT COMF~4",2
"tx2-7065-7058-1","POINT COM~11-POINT COMF~4",2
"tx2-7066-7058-1","POINT COM~12-POINT COMF~4",2
"tx2-7060-7059-1","POINT COMF~6-POINT COMF~5",2
"tx2-7069-7068-1","EL CAMPO 1-EL CAMPO 0",2
"tx2-7074-7073-1","GALVESTON ~2-GALVESTON ~1",2
"tx2-7077-7076-1","BAYTOWN 2 1-BAYTOWN 2 0",2
"tx2-7079-7076-1","BAYTOWN 2 3-BAYTOWN 2 0",2
"tx2-7080-7076-1","BAYTOWN 2 4-BAYTOWN 2 0",2
"tx2-7081-7076-1","BAYTOWN 2 5-BAYTOWN 2 0",2
"tx2-7082-7076-1","BAYTOWN 2 6-BAYTOWN 2 0",2
"tx2-7078-7077-1","BAYTOWN 2 2-BAYTOWN 2 1",2
"tx2-7084-7083-1","LEAGUE CIT~2-LEAGUE CIT~1",2
"tx2-7084-7083-2","LEAGUE CIT~2-LEAGUE CIT~1",2
"tx2-7096-7095-1","WADSWORTH 1-WADSWORTH 0",2
"tx2-7098-7095-1","WADSWORTH 3-WADSWORTH 0",2
"tx2-7099-7095-1","WADSWORTH 4-WADSWORTH 0",2
"tx2-7097-7096-1","WADSWORTH 2-WADSWORTH 1",2
"tx2-7105-7104-1","DEER PARK 1-DEER PARK 0",2
"tx2-7107-7104-1","DEER PARK 3-DEER PARK 0",2
"tx2-7108-7104-1","DEER PARK 4-DEER PARK 0",2
"tx2-7109-7104-1","DEER PARK 5-DEER PARK 0",2
"tx2-7110-7104-1","DEER PARK 6-DEER PARK 0",2
"tx2-7111-7104-1","DEER PARK 7-DEER PARK 0",2
"tx2-7112-7104-1","DEER PARK 8-DEER PARK 0",2
"tx2-7113-7104-1","DEER PARK 9-DEER PARK 0",2
"tx2-7114-7104-1","DEER PARK 10-DEER PARK 0",2
"tx2-7115-7104-1","DEER PARK 11-DEER PARK 0",2
"tx2-7106-7105-1","DEER PARK 2-DEER PARK 1",2
"tx2-7106-7105-2","DEER PARK 2-DEER PARK 1",2
"tx2-7121-7120-1","HOUSTON 3 1-HOUSTON 3 0",2
"tx2-7122-7120-1","HOUSTON 3 2-HOUSTON 3 0",2
"tx2-7126-7125-1","SUGAR LAND~3-SUGAR LAND~2",2
"tx2-7126-7125-2","SUGAR LAND~3-SUGAR LAND~2",2
"tx2-7127-7126-1","SUGAR LAND~4-SUGAR LAND~3",2
"tx2-7127-7126-2","SUGAR LAND~4-SUGAR LAND~3",2
"tx2-7127-7126-3","SUGAR LAND~4-SUGAR LAND~3",2
"tx2-7127-7126-4","SUGAR LAND~4-SUGAR LAND~3",2
"tx2-7131-7130-1","LAPORTE 1-LAPORTE 0",2
"tx2-7133-7130-1","LAPORTE 3-LAPORTE 0",2
"tx2-7134-7130-1","LAPORTE 4-LAPORTE 0",2
"tx2-7135-7130-1","LAPORTE 5-LAPORTE 0",2
"tx2-7136-7130-1","LAPORTE 6-LAPORTE 0",2
"tx2-7137-7130-1","LAPORTE 7-LAPORTE 0",2
"tx2-7138-7130-1","LAPORTE 8-LAPORTE 0",2
"tx2-7139-7130-1","LAPORTE 9-LAPORTE 0",2
"tx2-7140-7130-1","LAPORTE 10-LAPORTE 0",2
"tx2-7141-7130-1","LAPORTE 11-LAPORTE 0",2
"tx2-7142-7130-1","LAPORTE 12-LAPORTE 0",2
"tx2-7132-7131-1","LAPORTE 2-LAPORTE 1",2
"tx2-7132-7131-2","LAPORTE 2-LAPORTE 1",2
"tx2-7146-7145-1","HOUSTON 2 1-HOUSTON 2 0",2
"tx2-7151-7150-1","WILLIS 2 1-WILLIS 2 0",2
"tx2-7157-7156-1","SPRING 2 1-SPRING 2 0",2
"tx2-7157-7156-2","SPRING 2 1-SPRING 2 0",2
"tx2-7157-7156-3","SPRING 2 1-SPRING 2 0",2
"tx2-7160-7159-1","HOUSTON 5 1-HOUSTON 5 0",2
"tx2-7162-7159-1","HOUSTON 5 3-HOUSTON 5 0",2
"tx2-7163-7159-1","HOUSTON 5 4-HOUSTON 5 0",2
"tx2-7164-7159-1","HOUSTON 5 5-HOUSTON 5 0",2
"tx2-7165-7159-1","HOUSTON 5 6-HOUSTON 5 0",2
"tx2-7166-7159-1","HOUSTON 5 7-HOUSTON 5 0",2
"tx2-7167-7159-1","HOUSTON 5 8-HOUSTON 5 0",2
"tx2-7168-7159-1","HOUSTON 5 9-HOUSTON 5 0",2
"tx2-7169-7159-1","HOUSTON 5 10-HOUSTON 5 0",2
"tx2-7170-7159-1","HOUSTON 5 11-HOUSTON 5 0",2
"tx2-7161-7160-1","HOUSTON 5 2-HOUSTON 5 1",2
"tx2-7161-7160-2","HOUSTON 5 2-HOUSTON 5 1",2
"tx2-7161-7160-3","HOUSTON 5 2-HOUSTON 5 1",2
"tx2-7172-7171-1","TEXAS CITY~2-TEXAS CITY~1",2
"tx2-7176-7175-1","SPRING 7 1-SPRING 7 0",2
"tx2-7176-7175-2","SPRING 7 1-SPRING 7 0",2
"tx2-7177-7176-1","SPRING 7 2-SPRING 7 1",2
"tx2-7177-7176-2","SPRING 7 2-SPRING 7 1",2
"tx2-7177-7176-3","SPRING 7 2-SPRING 7 1",2
"tx2-7185-7184-1","MISSOURI C~3-MISSOURI C~2",2
"tx2-7185-7184-2","MISSOURI C~3-MISSOURI C~2",2
"tx2-7185-7184-3","MISSOURI C~3-MISSOURI C~2",2
"tx2-7187-7186-1","HOUSTON 4 1-HOUSTON 4 0",2
"tx2-7187-7186-2","HOUSTON 4 1-HOUSTON 4 0",2
"tx2-7189-7186-1","HOUSTON 4 3-HOUSTON 4 0",2
"tx2-7190-7186-1","HOUSTON 4 4-HOUSTON 4 0",2
"tx2-7191-7186-1","HOUSTON 4 5-HOUSTON 4 0",2
"tx2-7192-7186-1","HOUSTON 4 6-HOUSTON 4 0",2
"tx2-7193-7186-1","HOUSTON 4 7-HOUSTON 4 0",2
"tx2-7194-7186-1","HOUSTON 4 8-HOUSTON 4 0",2
"tx2-7195-7186-1","HOUSTON 4 9-HOUSTON 4 0",2
"tx2-7196-7186-1","HOUSTON 4 10-HOUSTON 4 0",2
"tx2-7197-7186-1","HOUSTON 4 11-HOUSTON 4 0",2
"tx2-7188-7187-1","HOUSTON 4 2-HOUSTON 4 1",2
"tx2-7188-7187-2","HOUSTON 4 2-HOUSTON 4 1",2
"tx2-7188-7187-3","HOUSTON 4 2-HOUSTON 4 1",2
"tx2-7188-7187-4","HOUSTON 4 2-HOUSTON 4 1",2
"tx2-7200-7199-1","CYPRESS 1 1-CYPRESS 1 0",2
"tx2-7201-7200-1","CYPRESS 1 2-CYPRESS 1 1",2
"tx2-7201-7200-2","CYPRESS 1 2-CYPRESS 1 1",2
"tx2-7201-7200-3","CYPRESS 1 2-CYPRESS 1 1",2
"tx2-7205-7204-1","BAYTOWN 1 1-BAYTOWN 1 0",2
"tx2-7207-7204-1","BAYTOWN 1 3-BAYTOWN 1 0",2
"tx2-7208-7204-1","BAYTOWN 1 4-BAYTOWN 1 0",2
"tx2-7209-7204-1","BAYTOWN 1 5-BAYTOWN 1 0",2
"tx2-7210-7204-1","BAYTOWN 1 6-BAYTOWN 1 0",2
"tx2-7211-7204-1","BAYTOWN 1 7-BAYTOWN 1 0",2
"tx2-7212-7204-1","BAYTOWN 1 8-BAYTOWN 1 0",2
"tx2-7206-7205-1","BAYTOWN 1 2-BAYTOWN 1 1",2
"tx2-7228-7227-1","HOUSTON 90 1-HOUSTON 90 0",2
"tx2-7229-7228-1","HOUSTON 90 2-HOUSTON 90 1",2
"tx2-7229-7228-2","HOUSTON 90 2-HOUSTON 90 1",2
"tx2-7229-7228-3","HOUSTON 90 2-HOUSTON 90 1",2
"tx2-7253-7252-1","ANGLETON 1-ANGLETON 0",2
"tx2-7262-7261-1","BAY CITY 1-BAY CITY 0",2
"tx2-7264-7263-1","PASADENA 3 1-PASADENA 3 0",2
"tx2-7264-7263-2","PASADENA 3 1-PASADENA 3 0",2
"tx2-7266-7263-1","PASADENA 3 3-PASADENA 3 0",2
"tx2-7267-7263-1","PASADENA 3 4-PASADENA 3 0",2
"tx2-7268-7263-1","PASADENA 3 5-PASADENA 3 0",2
"tx2-7269-7263-1","PASADENA 3 6-PASADENA 3 0",2
"tx2-7270-7263-1","PASADENA 3 7-PASADENA 3 0",2
"tx2-7265-7264-1","PASADENA 3 2-PASADENA 3 1",2
"tx2-7265-7264-2","PASADENA 3 2-PASADENA 3 1",2
"tx2-7275-7274-1","VICTORIA 3 1-VICTORIA 3 0",2
"tx2-7279-7278-1","MONT BELVI~2-MONT BELVI~1",2
"tx2-7280-7278-1","MONT BELVI~3-MONT BELVI~1",2
"tx2-7281-7278-1","MONT BELVI~4-MONT BELVI~1",2
"tx2-7283-7282-1","BAYTOWN 3 1-BAYTOWN 3 0",2
"tx2-7284-7282-1","BAYTOWN 3 2-BAYTOWN 3 0",2
"tx2-7285-7282-1","BAYTOWN 3 3-BAYTOWN 3 0",2
"tx2-7286-7282-1","BAYTOWN 3 4-BAYTOWN 3 0",2
"tx2-7287-7282-1","BAYTOWN 3 5-BAYTOWN 3 0",2
"tx2-7288-7282-1","BAYTOWN 3 6-BAYTOWN 3 0",2
"tx2-7289-7282-1","BAYTOWN 3 7-BAYTOWN 3 0",2
"tx2-7305-7304-1","WHARTON 1 1-WHARTON 1 0",2
"tx2-7307-7304-1","WHARTON 1 3-WHARTON 1 0",2
"tx2-7308-7304-1","WHARTON 1 4-WHARTON 1 0",2
"tx2-7309-7304-1","WHARTON 1 5-WHARTON 1 0",2
"tx2-7310-7304-1","WHARTON 1 6-WHARTON 1 0",2
"tx2-7311-7304-1","WHARTON 1 7-WHARTON 1 0",2
"tx2-7306-7305-1","WHARTON 1 2-WHARTON 1 1",2
"tx2-7313-7312-1","LAKE JACKS~2-LAKE JACKS~1",2
"tx2-7321-7320-1","FREEPORT 1 1-FREEPORT 1 0",2
"tx2-7323-7320-1","FREEPORT 1 3-FREEPORT 1 0",2
"tx2-7324-7320-1","FREEPORT 1 4-FREEPORT 1 0",2
"tx2-7325-7320-1","FREEPORT 1 5-FREEPORT 1 0",2
"tx2-7326-7320-1","FREEPORT 1 6-FREEPORT 1 0",2
"tx2-7322-7321-1","FREEPORT 1 2-FREEPORT 1 1",2
"tx2-7328-7327-1","NEWGULF 1-NEWGULF 0",2
"tx2-7329-7327-1","NEWGULF 2-NEWGULF 0",2
"tx2-7332-7331-1","PASADENA 1 1-PASADENA 1 0",2
"tx2-7334-7331-1","PASADENA 1 3-PASADENA 1 0",2
"tx2-7335-7331-1","PASADENA 1 4-PASADENA 1 0",2
"tx2-7333-7332-1","PASADENA 1 2-PASADENA 1 1",2
"tx2-7333-7332-2","PASADENA 1 2-PASADENA 1 1",2
"tx2-7333-7332-3","PASADENA 1 2-PASADENA 1 1",2
"tx2-7342-7341-1","KATY 3 1-KATY 3 0",2
"tx2-7343-7342-1","KATY 3 2-KATY 3 1",2
"tx2-7343-7342-2","KATY 3 2-KATY 3 1",2
"tx2-7347-7346-1","THOMPSONS 1-THOMPSONS 0",2
"tx2-7347-7346-2","THOMPSONS 1-THOMPSONS 0",2
"tx2-7349-7346-1","THOMPSONS 3-THOMPSONS 0",2
"tx2-7350-7346-1","THOMPSONS 4-THOMPSONS 0",2
"tx2-7351-7346-1","THOMPSONS 5-THOMPSONS 0",2
"tx2-7352-7346-1","THOMPSONS 6-THOMPSONS 0",2
"tx2-7353-7346-1","THOMPSONS 7-THOMPSONS 0",2
"tx2-7354-7346-1","THOMPSONS 8-THOMPSONS 0",2
"tx2-7355-7346-1","THOMPSONS 9-THOMPSONS 0",2
"tx2-7356-7346-1","THOMPSONS 10-THOMPSONS 0",2
"tx2-7357-7346-1","THOMPSONS 11-THOMPSONS 0",2
"tx2-7358-7346-1","THOMPSONS 12-THOMPSONS 0",2
"tx2-7359-7346-1","THOMPSONS 13-THOMPSONS 0",2
"tx2-7360-7346-1","THOMPSONS 14-THOMPSONS 0",2
"tx2-7361-7346-1","THOMPSONS 15-THOMPSONS 0",2
"tx2-7348-7347-1","THOMPSONS 2-THOMPSONS 1",2
"tx2-7348-7347-2","THOMPSONS 2-THOMPSONS 1",2
"tx2-7367-7366-1","CHANNELVIE~2-CHANNELVIE~1",2
"tx2-7367-7366-2","CHANNELVIE~2-CHANNELVIE~1",2
"tx2-7369-7366-1","CHANNELVIE~8-CHANNELVIE~1",2
"tx2-7370-7366-1","CHANNELVIE~9-CHANNELVIE~1",2
"tx2-7371-7366-1","CHANNELVI~10-CHANNELVIE~1",2
"tx2-7372-7366-1","CHANNELVI~11-CHANNELVIE~1",2
"tx2-7373-7366-1","CHANNELVI~12-CHANNELVIE~1",2
"tx2-7374-7366-1","CHANNELVI~13-CHANNELVIE~1",2
"tx2-7375-7366-1","CHANNELVI~14-CHANNELVIE~1",2
"tx2-7376-7366-1","CHANNELVIE~3-CHANNELVIE~1",2
"tx2-7377-7366-1","CHANNELVIE~4-CHANNELVIE~1",2
"tx2-7378-7366-1","CHANNELVIE~5-CHANNELVIE~1",2
"tx2-7379-7366-1","CHANNELVIE~6-CHANNELVIE~1",2
"tx2-7368-7367-1","CHANNELVIE~7-CHANNELVIE~2",2
"tx2-7368-7367-2","CHANNELVIE~7-CHANNELVIE~2",2
"tx2-7368-7367-3","CHANNELVIE~7-CHANNELVIE~2",2
"tx2-7390-7389-1","WILLIS 1 1-WILLIS 1 0",2
"tx2-7391-7390-1","WILLIS 1 2-WILLIS 1 1",2
"tx2-7401-7400-1","HOUSTON 6 1-HOUSTON 6 0",2
"tx2-7402-7401-1","HOUSTON 6 2-HOUSTON 6 1",2
"tx2-7407-7406-1","POINT COMF~2-POINT COMF~1",2
"tx2-7408-7407-1","POINT COMF~3-POINT COMF~2",2
"tx2-7410-7409-1","KATY 2 1-KATY 2 0",2
"tx2-7410-7409-2","KATY 2 1-KATY 2 0",2
"tx2-7410-7409-3","KATY 2 1-KATY 2 0",2
"tx2-7415-7414-1","VICTORIA 1 1-VICTORIA 1 0",2
"tx2-7416-7415-1","VICTORIA 1 2-VICTORIA 1 1",2
"tx2-7421-7420-1","MAGNOLIA 1 1-MAGNOLIA 1 0",2
"tx2-7421-7420-2","MAGNOLIA 1 1-MAGNOLIA 1 0",2
"tx2-7423-7422-1","ALVIN 1-ALVIN 0",2
"tx2-7424-7423-1","ALVIN 2-ALVIN 1",2
"tx2-7424-7423-2","ALVIN 2-ALVIN 1",2
"tx2-7424-7423-3","ALVIN 2-ALVIN 1",2
"tx2-7429-7428-1","FREEPORT 2 1-FREEPORT 2 0",2
"tx2-7430-7429-1","FREEPORT 2 2-FREEPORT 2 1",2
"tx2-8005-8004-1","LUFKIN 3 1-LUFKIN 3 0",2
"tx2-8005-8004-2","LUFKIN 3 1-LUFKIN 3 0",2
"tx2-8019-8018-1","TYLER 4 1-TYLER 4 0",2
"tx2-8019-8018-2","TYLER 4 1-TYLER 4 0",2
"tx2-8024-8023-1","LUFKIN 1 1-LUFKIN 1 0",2
"tx2-8031-8030-1","SHIRO 1-SHIRO 0",2
"tx2-8033-8030-1","SHIRO 3-SHIRO 0",2
"tx2-8034-8030-1","SHIRO 4-SHIRO 0",2
"tx2-8035-8030-1","SHIRO 5-SHIRO 0",2
"tx2-8036-8030-1","SHIRO 6-SHIRO 0",2
"tx2-8032-8031-1","SHIRO 2-SHIRO 1",2
"tx2-8044-8043-1","FAIRFIELD ~2-FAIRFIELD ~1",2
"tx2-8046-8043-1","FAIRFIELD ~4-FAIRFIELD ~1",2
"tx2-8047-8043-1","FAIRFIELD ~5-FAIRFIELD ~1",2
"tx2-8048-8043-1","FAIRFIELD ~6-FAIRFIELD ~1",2
"tx2-8049-8043-1","FAIRFIELD ~7-FAIRFIELD ~1",2
"tx2-8050-8043-1","FAIRFIELD ~8-FAIRFIELD ~1",2
"tx2-8051-8043-1","FAIRFIELD ~9-FAIRFIELD ~1",2
"tx2-8045-8044-1","FAIRFIELD ~3-FAIRFIELD ~2",2
"tx2-8058-8057-1","FAIRFIELD~11-FAIRFIELD~10",2
"tx2-8060-8057-1","FAIRFIELD~13-FAIRFIELD~10",2
"tx2-8061-8057-1","FAIRFIELD~14-FAIRFIELD~10",2
"tx2-8059-8058-1","FAIRFIELD~12-FAIRFIELD~11",2
"tx2-8068-8067-1","JEWETT 1 1-JEWETT 1 0",2
"tx2-8070-8067-1","JEWETT 1 3-JEWETT 1 0",2
"tx2-8071-8067-1","JEWETT 1 4-JEWETT 1 0",2
"tx2-8069-8068-1","JEWETT 1 2-JEWETT 1 1",2
"tx2-8075-8074-1","MT. ENTERP~2-MT. ENTERP~1",2
"tx2-8075-8074-2","MT. ENTERP~2-MT. ENTERP~1",2
"tx2-8077-8074-1","MT. ENTERP~4-MT. ENTERP~1",2
"tx2-8078-8074-1","MT. ENTERP~5-MT. ENTERP~1",2
"tx2-8079-8074-1","MT. ENTERP~6-MT. ENTERP~1",2
"tx2-8080-8074-1","MT. ENTERP~7-MT. ENTERP~1",2
"tx2-8076-8075-1","MT. ENTERP~3-MT. ENTERP~2",2
"tx2-8083-8082-1","FRANKLIN 1-FRANKLIN 0",2
"tx2-8087-8082-1","FRANKLIN 5-FRANKLIN 0",2
"tx2-8088-8082-1","FRANKLIN 6-FRANKLIN 0",2
"tx2-8084-8083-1","FRANKLIN 2-FRANKLIN 1",2
"tx2-8086-8085-1","FRANKLIN 4-FRANKLIN 3",2
"tx2-8095-8094-1","COLLEGE ST~2-COLLEGE ST~1",2
"tx2-8098-8097-1","CUSHING 1 1-CUSHING 1 0",2
"tx2-8099-8097-1","CUSHING 1 2-CUSHING 1 0",2
"tx2-8106-8105-1","MOUNT PLEA~8-MOUNT PLEA~7",2
"tx2-8113-8112-1","JACKSONVIL~2-JACKSONVIL~1",2
"tx2-8115-8112-1","JACKSONVIL~4-JACKSONVIL~1",2
"tx2-8116-8112-1","JACKSONVIL~5-JACKSONVIL~1",2
"tx2-8117-8112-1","JACKSONVIL~6-JACKSONVIL~1",2
"tx2-8114-8113-1","JACKSONVIL~3-JACKSONVIL~2",2
"tx2-8127-8126-1","MOUNT PLEA~2-MOUNT PLEA~1",2
"tx2-8127-8126-2","MOUNT PLEA~2-MOUNT PLEA~1",2
"tx2-8129-8126-1","MOUNT PLEA~4-MOUNT PLEA~1",2
"tx2-8130-8126-1","MOUNT PLEA~5-MOUNT PLEA~1",2
"tx2-8131-8126-1","MOUNT PLEA~6-MOUNT PLEA~1",2
"tx2-8128-8127-1","MOUNT PLEA~3-MOUNT PLEA~2",2
"tx2-8134-8133-1","TYLER 7 1-TYLER 7 0",2
"tx2-8134-8133-2","TYLER 7 1-TYLER 7 0",2
"tx2-8140-8139-1","COLLEGE ST~4-COLLEGE ST~3",2
"tx2-8148-8147-1","TRINIDAD 1 1-TRINIDAD 1 0",2
"tx2-8148-8147-2","TRINIDAD 1 1-TRINIDAD 1 0",2
"tx2-8149-8148-1","TRINIDAD 1 2-TRINIDAD 1 1",2
"tx2-8156-8155-1","BREMOND 1-BREMOND 0",2
"tx2-8157-8156-1","BREMOND 2-BREMOND 1",2
"tx2-8159-8158-1","BRYAN 1 1-BRYAN 1 0",2
"tx2-8160-8159-1","BRYAN 1 2-BRYAN 1 1",2
"tx2-8160-8159-2","BRYAN 1 2-BRYAN 1 1",2
"tx2-2075-2074-1","JAYTON 2-JAYTON 1",2
"tx2-2132-2131-1","HASKELL 2-HASKELL 1",2
"tx2-3090-3089-1","ABILENE 1 2-ABILENE 1 1",2
"tx2-3135-3134-1","SNYDER 2 2-SNYDER 2 1",2
"tx2-5061-5060-1","MABANK 2 2-MABANK 2 1",2
"tx2-5062-5061-1","MABANK 2 3-MABANK 2 2",2
"tx2-5242-5241-1","GOLDTHWAIT~4-GOLDTHWAIT~3",2
"tx2-5392-5391-1","ROGERS 2-ROGERS 1",2
"tx2-5398-5397-1","ALBANY 1 4-ALBANY 1 3",2
"tx2-5460-5459-1","HOLLAND 2-HOLLAND 1",2
"tx2-6317-6316-1","GEORGETOWN~5-GEORGETOWN~4",2
"tx2-6318-6317-1","GEORGETOWN~6-GEORGETOWN~5",2
"tx2-7161-7292-1","HOUSTON 5 2-HOUSTON 69 0",2
"tx2-8085-8084-1","FRANKLIN 3-FRANKLIN 2",2
