ID,Name,NominalKV,Substation,Organization,ControlArea,FrequencySourcePriority
1,BUS_1,220,BUS_1,1_org,1_ca,0
2,BUS_2,220,BUS_2,1_org,1_ca,0
3,BUS_3,220,BUS_3,1_org,1_ca,0
4,BUS_4,220,BUS_4,1_org,1_ca,0
5,BUS_5,220,BUS_5,1_org,1_ca,0
6,BUS_6,400,BUS_6,1_org,1_ca,0
7,BUS_7,220,BUS_7,1_org,1_ca,0
8,BUS_8,400,BUS_8,1_org,1_ca,0
9,BUS_9,400,BUS_9,1_org,1_ca,0
10,BUS_10,220,BUS_10,1_org,1_ca,0
11,BUS_11,220,BUS_11,1_org,1_ca,0
12,BUS_12,220,BUS_12,1_org,1_ca,0
13,BUS_13,220,BUS_13,1_org,1_ca,0
14,BUS_14,220,BUS_14,1_org,1_ca,0
15,BUS_15,400,BUS_15,1_org,1_ca,0
16,BUS_16,220,BUS_16,1_org,1_ca,0
17,BUS_17,220,BUS_17,1_org,1_ca,0
18,BUS_18,400,BUS_18,1_org,1_ca,0
19,BUS_19,220,BUS_19,1_org,1_ca,0
20,BUS_20,400,BUS_20,1_org,1_ca,0
21,BUS_21,220,BUS_21,1_org,1_ca,0
22,BUS_22,220,BUS_22,1_org,1_ca,0
23,BUS_23,220,BUS_23,1_org,1_ca,0
24,BUS_24,220,BUS_24,1_org,1_ca,0
25,BUS_25,220,BUS_25,1_org,1_ca,0
26,BUS_26,220,BUS_26,1_org,1_ca,0
27,BUS_27,220,BUS_27,1_org,1_ca,0
28,BUS_28,220,BUS_28,1_org,1_ca,0
29,BUS_29,220,BUS_29,1_org,1_ca,0
30,BUS_30,220,BUS_30,1_org,1_ca,0
31,BUS_31,400,BUS_31,1_org,1_ca,0
32,BUS_32,400,BUS_32,1_org,1_ca,0
33,BUS_33,220,BUS_33,1_org,1_ca,0
34,BUS_34,400,BUS_34,1_org,1_ca,0
35,BUS_35,400,BUS_35,1_org,1_ca,0
36,BUS_36,400,BUS_36,1_org,1_ca,0
37,BUS_37,220,BUS_37,1_org,1_ca,0
38,BUS_38,220,BUS_38,1_org,1_ca,0
39,BUS_39,400,BUS_39,1_org,1_ca,0
40,BUS_40,400,BUS_40,1_org,1_ca,0
41,BUS_41,220,BUS_41,1_org,1_ca,0
42,BUS_42,220,BUS_42,1_org,1_ca,0
43,BUS_43,400,BUS_43,1_org,1_ca,0
44,BUS_44,400,BUS_44,1_org,1_ca,0
45,BUS_45,220,BUS_45,1_org,1_ca,0
46,BUS_46,220,BUS_46,1_org,1_ca,0
47,BUS_47,220,BUS_47,1_org,1_ca,0
48,BUS_48,220,BUS_48,1_org,1_ca,0
49,BUS_49,220,BUS_49,1_org,1_ca,0
50,BUS_50,400,BUS_50,1_org,1_ca,0
51,BUS_51,400,BUS_51,1_org,1_ca,0
52,BUS_52,220,BUS_52,1_org,1_ca,0
53,BUS_53,220,BUS_53,1_org,1_ca,0
54,BUS_54,220,BUS_54,1_org,1_ca,0
55,BUS_55,220,BUS_55,1_org,1_ca,0
56,BUS_56,220,BUS_56,1_org,1_ca,0
57,BUS_57,220,BUS_57,1_org,1_ca,0
58,BUS_58,220,BUS_58,1_org,1_ca,0
59,BUS_59,220,BUS_59,1_org,1_ca,0
60,BUS_60,220,BUS_60,1_org,1_ca,0
61,BUS_61,220,BUS_61,1_org,1_ca,0
62,BUS_62,220,BUS_62,1_org,1_ca,0
63,BUS_63,220,BUS_63,1_org,1_ca,0
64,BUS_64,220,BUS_64,1_org,1_ca,0
65,BUS_65,220,BUS_65,1_org,1_ca,0
66,BUS_66,220,BUS_66,1_org,1_ca,0
67,BUS_67,400,BUS_67,1_org,1_ca,0
68,BUS_68,220,BUS_68,1_org,1_ca,0
69,BUS_69,220,BUS_69,1_org,1_ca,0
70,BUS_70,220,BUS_70,1_org,1_ca,0
71,BUS_71,220,BUS_71,1_org,1_ca,0
72,BUS_72,220,BUS_72,1_org,1_ca,0
73,BUS_73,220,BUS_73,1_org,1_ca,0
74,BUS_74,220,BUS_74,1_org,1_ca,0
75,BUS_75,400,BUS_75,1_org,1_ca,0
76,BUS_76,400,BUS_76,1_org,1_ca,0
77,BUS_77,220,BUS_77,1_org,1_ca,0
78,BUS_78,220,BUS_78,1_org,1_ca,0
79,BUS_79,220,BUS_79,1_org,1_ca,0
80,BUS_80,220,BUS_80,1_org,1_ca,0
81,BUS_81,220,BUS_81,1_org,1_ca,0
82,BUS_82,220,BUS_82,1_org,1_ca,0
83,BUS_83,220,BUS_83,1_org,1_ca,0
84,BUS_84,220,BUS_84,1_org,1_ca,0
85,BUS_85,220,BUS_85,1_org,1_ca,0
86,BUS_86,220,BUS_86,1_org,1_ca,0
87,BUS_87,220,BUS_87,1_org,1_ca,0
88,BUS_88,220,BUS_88,1_org,1_ca,0
89,BUS_89,220,BUS_89,1_org,1_ca,0
90,BUS_90,220,BUS_90,1_org,1_ca,0
91,BUS_91,220,BUS_91,1_org,1_ca,0
92,BUS_92,400,BUS_92,1_org,1_ca,0
93,BUS_93,220,BUS_93,1_org,1_ca,0
94,BUS_94,220,BUS_94,1_org,1_ca,0
95,BUS_95,220,BUS_95,1_org,1_ca,0
96,BUS_96,220,BUS_96,1_org,1_ca,0
97,BUS_97,220,BUS_97,1_org,1_ca,0
98,BUS_98,400,BUS_98,1_org,1_ca,0
99,BUS_99,400,BUS_99,1_org,1_ca,0
100,BUS_100,400,BUS_100,1_org,1_ca,0
101,BUS_101,400,BUS_101,1_org,1_ca,0
102,BUS_102,220,BUS_102,1_org,1_ca,0
103,BUS_103,220,BUS_103,1_org,1_ca,0
104,BUS_104,220,BUS_104,1_org,1_ca,0
105,BUS_105,400,BUS_105,1_org,1_ca,0
106,BUS_106,400,BUS_106,1_org,1_ca,0
107,BUS_107,220,BUS_107,1_org,1_ca,0
108,BUS_108,220,BUS_108,1_org,1_ca,0
109,BUS_109,220,BUS_109,1_org,1_ca,0
110,BUS_110,220,BUS_110,1_org,1_ca,0
111,BUS_111,220,BUS_111,1_org,1_ca,0
112,BUS_112,220,BUS_112,1_org,1_ca,0
113,BUS_113,220,BUS_113,1_org,1_ca,0
114,BUS_114,220,BUS_114,1_org,1_ca,0
115,BUS_115,400,BUS_115,1_org,1_ca,0
116,BUS_116,400,BUS_116,1_org,1_ca,0
117,BUS_117,220,BUS_117,1_org,1_ca,0
118,BUS_118,220,BUS_118,1_org,1_ca,0
119,BUS_119,220,BUS_119,1_org,1_ca,0
120,BUS_120,220,BUS_120,1_org,1_ca,0
121,BUS_121,220,BUS_121,1_org,1_ca,0
122,BUS_122,220,BUS_122,1_org,1_ca,0
123,BUS_123,220,BUS_123,1_org,1_ca,0
124,BUS_124,220,BUS_124,1_org,1_ca,0
125,BUS_125,220,BUS_125,1_org,1_ca,0
126,BUS_126,220,BUS_126,1_org,1_ca,0
127,BUS_127,400,BUS_127,1_org,1_ca,0
128,BUS_128,400,BUS_128,1_org,1_ca,0
129,BUS_129,220,BUS_129,1_org,1_ca,0
130,BUS_130,220,BUS_130,1_org,1_ca,0
131,BUS_131,220,BUS_131,1_org,1_ca,0
132,BUS_132,220,BUS_132,1_org,1_ca,0
133,BUS_133,400,BUS_133,1_org,1_ca,0
134,BUS_134,400,BUS_134,1_org,1_ca,0
135,BUS_135,220,BUS_135,1_org,1_ca,0
136,BUS_136,220,BUS_136,1_org,1_ca,0
137,BUS_137,400,BUS_137,1_org,1_ca,0
138,BUS_138,400,BUS_138,1_org,1_ca,0
139,BUS_139,220,BUS_139,1_org,1_ca,0
140,BUS_140,220,BUS_140,1_org,1_ca,0
141,BUS_141,220,BUS_141,1_org,1_ca,0
142,BUS_142,220,BUS_142,1_org,1_ca,0
143,BUS_143,220,BUS_143,1_org,1_ca,0
144,BUS_144,220,BUS_144,1_org,1_ca,0
145,BUS_145,400,BUS_145,1_org,1_ca,0
146,BUS_146,400,BUS_146,1_org,1_ca,0
147,BUS_147,220,BUS_147,1_org,1_ca,0
148,BUS_148,220,BUS_148,1_org,1_ca,0
149,BUS_149,220,BUS_149,1_org,1_ca,0
150,BUS_150,220,BUS_150,1_org,1_ca,0
151,BUS_151,220,BUS_151,1_org,1_ca,0
152,BUS_152,220,BUS_152,1_org,1_ca,0
153,BUS_153,220,BUS_153,1_org,1_ca,0
154,BUS_154,220,BUS_154,1_org,1_ca,0
155,BUS_155,220,BUS_155,1_org,1_ca,0
156,BUS_156,220,BUS_156,1_org,1_ca,0
157,BUS_157,400,BUS_157,1_org,1_ca,0
158,BUS_158,400,BUS_158,1_org,1_ca,0
159,BUS_159,400,BUS_159,1_org,1_ca,0
160,BUS_160,400,BUS_160,1_org,1_ca,0
161,BUS_161,220,BUS_161,1_org,1_ca,0
162,BUS_162,220,BUS_162,1_org,1_ca,0
163,BUS_163,220,BUS_163,1_org,1_ca,0
164,BUS_164,220,BUS_164,1_org,1_ca,0
165,BUS_165,400,BUS_165,1_org,1_ca,0
166,BUS_166,220,BUS_166,1_org,1_ca,0
167,BUS_167,220,BUS_167,1_org,1_ca,0
168,BUS_168,400,BUS_168,1_org,1_ca,0
169,BUS_169,400,BUS_169,1_org,1_ca,0
170,BUS_170,220,BUS_170,1_org,1_ca,0
171,BUS_171,220,BUS_171,1_org,1_ca,0
172,BUS_172,220,BUS_172,1_org,1_ca,0
173,BUS_173,220,BUS_173,1_org,1_ca,0
174,BUS_174,220,BUS_174,1_org,1_ca,0
175,BUS_175,220,BUS_175,1_org,1_ca,0
176,BUS_176,400,BUS_176,1_org,1_ca,0
177,BUS_177,400,BUS_177,1_org,1_ca,0
178,BUS_178,220,BUS_178,1_org,1_ca,0
179,BUS_179,220,BUS_179,1_org,1_ca,0
180,BUS_180,400,BUS_180,1_org,1_ca,0
181,BUS_181,220,BUS_181,1_org,1_ca,0
182,BUS_182,400,BUS_182,1_org,1_ca,0
183,BUS_183,400,BUS_183,1_org,1_ca,0
184,BUS_184,220,BUS_184,1_org,1_ca,0
185,BUS_185,400,BUS_185,1_org,1_ca,0
186,BUS_186,220,BUS_186,1_org,1_ca,0
187,BUS_187,110,BUS_187,1_org,1_ca,0
188,BUS_188,110,BUS_188,1_org,1_ca,0
189,BUS_189,110,BUS_189,1_org,1_ca,0
190,BUS_190,110,BUS_190,1_org,1_ca,0
191,BUS_191,110,BUS_191,1_org,1_ca,0
192,BUS_192,110,BUS_192,1_org,1_ca,0
193,BUS_193,110,BUS_193,1_org,1_ca,0
194,BUS_194,110,BUS_194,1_org,1_ca,0
195,BUS_195,110,BUS_195,1_org,1_ca,0
196,BUS_196,110,BUS_196,1_org,1_ca,0
197,BUS_197,110,BUS_197,1_org,1_ca,0
198,BUS_198,110,BUS_198,1_org,1_ca,0
199,BUS_199,110,BUS_199,1_org,1_ca,0
200,BUS_200,110,BUS_200,1_org,1_ca,0
201,BUS_201,110,BUS_201,1_org,1_ca,0
202,BUS_202,110,BUS_202,1_org,1_ca,0
203,BUS_203,110,BUS_203,1_org,1_ca,0
204,BUS_204,110,BUS_204,1_org,1_ca,0
205,BUS_205,110,BUS_205,1_org,1_ca,0
206,BUS_206,110,BUS_206,1_org,1_ca,0
207,BUS_207,110,BUS_207,1_org,1_ca,0
208,BUS_208,110,BUS_208,1_org,1_ca,0
209,BUS_209,110,BUS_209,1_org,1_ca,0
210,BUS_210,110,BUS_210,1_org,1_ca,0
211,BUS_211,110,BUS_211,1_org,1_ca,0
212,BUS_212,110,BUS_212,1_org,1_ca,0
213,BUS_213,110,BUS_213,1_org,1_ca,0
214,BUS_214,110,BUS_214,1_org,1_ca,0
215,BUS_215,110,BUS_215,1_org,1_ca,0
216,BUS_216,110,BUS_216,1_org,1_ca,0
217,BUS_217,110,BUS_217,1_org,1_ca,0
218,BUS_218,110,BUS_218,1_org,1_ca,0
219,BUS_219,110,BUS_219,1_org,1_ca,0
220,BUS_220,110,BUS_220,1_org,1_ca,0
221,BUS_221,110,BUS_221,1_org,1_ca,0
222,BUS_222,110,BUS_222,1_org,1_ca,0
223,BUS_223,110,BUS_223,1_org,1_ca,0
224,BUS_224,110,BUS_224,1_org,1_ca,0
225,BUS_225,110,BUS_225,1_org,1_ca,0
226,BUS_226,110,BUS_226,1_org,1_ca,0
227,BUS_227,110,BUS_227,1_org,1_ca,0
228,BUS_228,110,BUS_228,1_org,1_ca,0
229,BUS_229,110,BUS_229,1_org,1_ca,0
230,BUS_230,110,BUS_230,1_org,1_ca,0
231,BUS_231,110,BUS_231,1_org,1_ca,0
232,BUS_232,110,BUS_232,1_org,1_ca,0
233,BUS_233,110,BUS_233,1_org,1_ca,0
234,BUS_234,110,BUS_234,1_org,1_ca,0
235,BUS_235,110,BUS_235,1_org,1_ca,0
236,BUS_236,110,BUS_236,1_org,1_ca,0
237,BUS_237,110,BUS_237,1_org,1_ca,0
238,BUS_238,110,BUS_238,1_org,1_ca,0
239,BUS_239,110,BUS_239,1_org,1_ca,0
240,BUS_240,110,BUS_240,1_org,1_ca,0
241,BUS_241,110,BUS_241,1_org,1_ca,0
242,BUS_242,110,BUS_242,1_org,1_ca,0
243,BUS_243,110,BUS_243,1_org,1_ca,0
244,BUS_244,110,BUS_244,1_org,1_ca,0
245,BUS_245,110,BUS_245,1_org,1_ca,0
246,BUS_246,110,BUS_246,1_org,1_ca,0
247,BUS_247,110,BUS_247,1_org,1_ca,0
248,BUS_248,110,BUS_248,1_org,1_ca,0
249,BUS_249,110,BUS_249,1_org,1_ca,0
250,BUS_250,110,BUS_250,1_org,1_ca,0
251,BUS_251,110,BUS_251,1_org,1_ca,0
252,BUS_252,110,BUS_252,1_org,1_ca,0
253,BUS_253,110,BUS_253,1_org,1_ca,0
254,BUS_254,110,BUS_254,1_org,1_ca,0
255,BUS_255,110,BUS_255,1_org,1_ca,0
256,BUS_256,110,BUS_256,1_org,1_ca,0
257,BUS_257,110,BUS_257,1_org,1_ca,0
258,BUS_258,110,BUS_258,1_org,1_ca,0
259,BUS_259,110,BUS_259,1_org,1_ca,0
260,BUS_260,110,BUS_260,1_org,1_ca,0
261,BUS_261,110,BUS_261,1_org,1_ca,0
262,BUS_262,110,BUS_262,1_org,1_ca,0
263,BUS_263,110,BUS_263,1_org,1_ca,0
264,BUS_264,110,BUS_264,1_org,1_ca,0
265,BUS_265,110,BUS_265,1_org,1_ca,0
266,BUS_266,110,BUS_266,1_org,1_ca,0
267,BUS_267,110,BUS_267,1_org,1_ca,0
268,BUS_268,110,BUS_268,1_org,1_ca,0
269,BUS_269,110,BUS_269,1_org,1_ca,0
270,BUS_270,110,BUS_270,1_org,1_ca,0
271,BUS_271,110,BUS_271,1_org,1_ca,0
272,BUS_272,110,BUS_272,1_org,1_ca,0
273,BUS_273,110,BUS_273,1_org,1_ca,0
274,BUS_274,110,BUS_274,1_org,1_ca,0
275,BUS_275,110,BUS_275,1_org,1_ca,0
276,BUS_276,110,BUS_276,1_org,1_ca,0
277,BUS_277,110,BUS_277,1_org,1_ca,0
278,BUS_278,110,BUS_278,1_org,1_ca,0
279,BUS_279,110,BUS_279,1_org,1_ca,0
280,BUS_280,110,BUS_280,1_org,1_ca,0
281,BUS_281,110,BUS_281,1_org,1_ca,0
282,BUS_282,110,BUS_282,1_org,1_ca,0
283,BUS_283,110,BUS_283,1_org,1_ca,0
284,BUS_284,110,BUS_284,1_org,1_ca,0
285,BUS_285,110,BUS_285,1_org,1_ca,0
286,BUS_286,110,BUS_286,1_org,1_ca,0
287,BUS_287,110,BUS_287,1_org,1_ca,0
288,BUS_288,110,BUS_288,1_org,1_ca,0
289,BUS_289,110,BUS_289,1_org,1_ca,0
290,BUS_290,110,BUS_290,1_org,1_ca,0
291,BUS_291,110,BUS_291,1_org,1_ca,0
292,BUS_292,110,BUS_292,1_org,1_ca,0
293,BUS_293,110,BUS_293,1_org,1_ca,0
294,BUS_294,110,BUS_294,1_org,1_ca,0
295,BUS_295,110,BUS_295,1_org,1_ca,0
296,BUS_296,110,BUS_296,1_org,1_ca,0
297,BUS_297,110,BUS_297,1_org,1_ca,0
298,BUS_298,110,BUS_298,1_org,1_ca,0
299,BUS_299,110,BUS_299,1_org,1_ca,0
300,BUS_300,110,BUS_300,1_org,1_ca,0
301,BUS_301,110,BUS_301,1_org,1_ca,0
302,BUS_302,110,BUS_302,1_org,1_ca,0
303,BUS_303,110,BUS_303,1_org,1_ca,0
304,BUS_304,110,BUS_304,1_org,1_ca,0
305,BUS_305,110,BUS_305,1_org,1_ca,0
306,BUS_306,110,BUS_306,1_org,1_ca,0
307,BUS_307,110,BUS_307,1_org,1_ca,0
308,BUS_308,110,BUS_308,1_org,1_ca,0
309,BUS_309,110,BUS_309,1_org,1_ca,0
310,BUS_310,110,BUS_310,1_org,1_ca,0
311,BUS_311,110,BUS_311,1_org,1_ca,0
312,BUS_312,110,BUS_312,1_org,1_ca,0
313,BUS_313,110,BUS_313,1_org,1_ca,0
314,BUS_314,110,BUS_314,1_org,1_ca,0
315,BUS_315,110,BUS_315,1_org,1_ca,0
316,BUS_316,110,BUS_316,1_org,1_ca,0
317,BUS_317,110,BUS_317,1_org,1_ca,0
318,BUS_318,110,BUS_318,1_org,1_ca,0
319,BUS_319,110,BUS_319,1_org,1_ca,0
320,BUS_320,110,BUS_320,1_org,1_ca,0
321,BUS_321,110,BUS_321,1_org,1_ca,0
322,BUS_322,110,BUS_322,1_org,1_ca,0
323,BUS_323,110,BUS_323,1_org,1_ca,0
324,BUS_324,110,BUS_324,1_org,1_ca,0
325,BUS_325,110,BUS_325,1_org,1_ca,0
326,BUS_326,110,BUS_326,1_org,1_ca,0
327,BUS_327,110,BUS_327,1_org,1_ca,0
328,BUS_328,110,BUS_328,1_org,1_ca,0
329,BUS_329,110,BUS_329,1_org,1_ca,0
330,BUS_330,110,BUS_330,1_org,1_ca,0
331,BUS_331,110,BUS_331,1_org,1_ca,0
332,BUS_332,110,BUS_332,1_org,1_ca,0
333,BUS_333,110,BUS_333,1_org,1_ca,0
334,BUS_334,110,BUS_334,1_org,1_ca,0
335,BUS_335,110,BUS_335,1_org,1_ca,0
336,BUS_336,110,BUS_336,1_org,1_ca,0
337,BUS_337,110,BUS_337,1_org,1_ca,0
338,BUS_338,110,BUS_338,1_org,1_ca,0
339,BUS_339,110,BUS_339,1_org,1_ca,0
340,BUS_340,110,BUS_340,1_org,1_ca,0
341,BUS_341,110,BUS_341,1_org,1_ca,0
342,BUS_342,110,BUS_342,1_org,1_ca,0
343,BUS_343,110,BUS_343,1_org,1_ca,0
344,BUS_344,110,BUS_344,1_org,1_ca,0
345,BUS_345,110,BUS_345,1_org,1_ca,0
346,BUS_346,110,BUS_346,1_org,1_ca,0
347,BUS_347,110,BUS_347,1_org,1_ca,0
348,BUS_348,110,BUS_348,1_org,1_ca,0
349,BUS_349,110,BUS_349,1_org,1_ca,0
350,BUS_350,110,BUS_350,1_org,1_ca,0
351,BUS_351,110,BUS_351,1_org,1_ca,0
352,BUS_352,110,BUS_352,1_org,1_ca,0
353,BUS_353,110,BUS_353,1_org,1_ca,0
354,BUS_354,110,BUS_354,1_org,1_ca,0
355,BUS_355,110,BUS_355,1_org,1_ca,0
356,BUS_356,110,BUS_356,1_org,1_ca,0
357,BUS_357,110,BUS_357,1_org,1_ca,0
358,BUS_358,110,BUS_358,1_org,1_ca,0
359,BUS_359,110,BUS_359,1_org,1_ca,0
360,BUS_360,110,BUS_360,1_org,1_ca,0
361,BUS_361,110,BUS_361,1_org,1_ca,0
362,BUS_362,110,BUS_362,1_org,1_ca,0
363,BUS_363,110,BUS_363,1_org,1_ca,0
364,BUS_364,110,BUS_364,1_org,1_ca,0
365,BUS_365,110,BUS_365,1_org,1_ca,0
366,BUS_366,110,BUS_366,1_org,1_ca,0
367,BUS_367,110,BUS_367,1_org,1_ca,0
368,BUS_368,110,BUS_368,1_org,1_ca,0
369,BUS_369,110,BUS_369,1_org,1_ca,0
370,BUS_370,110,BUS_370,1_org,1_ca,0
371,BUS_371,110,BUS_371,1_org,1_ca,0
372,BUS_372,110,BUS_372,1_org,1_ca,0
373,BUS_373,110,BUS_373,1_org,1_ca,0
374,BUS_374,110,BUS_374,1_org,1_ca,0
375,BUS_375,110,BUS_375,1_org,1_ca,0
376,BUS_376,110,BUS_376,1_org,1_ca,0
377,BUS_377,110,BUS_377,1_org,1_ca,0
378,BUS_378,110,BUS_378,1_org,1_ca,0
379,BUS_379,110,BUS_379,1_org,1_ca,0
380,BUS_380,110,BUS_380,1_org,1_ca,0
381,BUS_381,110,BUS_381,1_org,1_ca,0
382,BUS_382,110,BUS_382,1_org,1_ca,0
383,BUS_383,110,BUS_383,1_org,1_ca,0
384,BUS_384,110,BUS_384,1_org,1_ca,0
385,BUS_385,110,BUS_385,1_org,1_ca,0
386,BUS_386,110,BUS_386,1_org,1_ca,0
387,BUS_387,110,BUS_387,1_org,1_ca,0
388,BUS_388,110,BUS_388,1_org,1_ca,0
389,BUS_389,110,BUS_389,1_org,1_ca,0
390,BUS_390,110,BUS_390,1_org,1_ca,0
391,BUS_391,110,BUS_391,1_org,1_ca,0
392,BUS_392,110,BUS_392,1_org,1_ca,0
393,BUS_393,110,BUS_393,1_org,1_ca,0
394,BUS_394,110,BUS_394,1_org,1_ca,0
395,BUS_395,110,BUS_395,1_org,1_ca,0
396,BUS_396,110,BUS_396,1_org,1_ca,0
397,BUS_397,110,BUS_397,1_org,1_ca,0
398,BUS_398,110,BUS_398,1_org,1_ca,0
399,BUS_399,110,BUS_399,1_org,1_ca,0
400,BUS_400,110,BUS_400,1_org,1_ca,0
401,BUS_401,110,BUS_401,1_org,1_ca,0
402,BUS_402,110,BUS_402,1_org,1_ca,0
403,BUS_403,110,BUS_403,1_org,1_ca,0
404,BUS_404,110,BUS_404,1_org,1_ca,0
405,BUS_405,110,BUS_405,1_org,1_ca,0
406,BUS_406,110,BUS_406,1_org,1_ca,0
407,BUS_407,110,BUS_407,1_org,1_ca,0
408,BUS_408,110,BUS_408,1_org,1_ca,0
409,BUS_409,110,BUS_409,1_org,1_ca,0
410,BUS_410,110,BUS_410,1_org,1_ca,0
411,BUS_411,110,BUS_411,1_org,1_ca,0
412,BUS_412,110,BUS_412,1_org,1_ca,0
413,BUS_413,110,BUS_413,1_org,1_ca,0
414,BUS_414,110,BUS_414,1_org,1_ca,0
415,BUS_415,110,BUS_415,1_org,1_ca,0
416,BUS_416,110,BUS_416,1_org,1_ca,0
417,BUS_417,110,BUS_417,1_org,1_ca,0
418,BUS_418,110,BUS_418,1_org,1_ca,0
419,BUS_419,110,BUS_419,1_org,1_ca,0
420,BUS_420,110,BUS_420,1_org,1_ca,0
421,BUS_421,110,BUS_421,1_org,1_ca,0
422,BUS_422,110,BUS_422,1_org,1_ca,0
423,BUS_423,110,BUS_423,1_org,1_ca,0
424,BUS_424,110,BUS_424,1_org,1_ca,0
425,BUS_425,110,BUS_425,1_org,1_ca,0
426,BUS_426,110,BUS_426,1_org,1_ca,0
427,BUS_427,110,BUS_427,1_org,1_ca,0
428,BUS_428,110,BUS_428,1_org,1_ca,0
429,BUS_429,110,BUS_429,1_org,1_ca,0
430,BUS_430,110,BUS_430,1_org,1_ca,0
431,BUS_431,110,BUS_431,1_org,1_ca,0
432,BUS_432,110,BUS_432,1_org,1_ca,0
433,BUS_433,110,BUS_433,1_org,1_ca,0
434,BUS_434,110,BUS_434,1_org,1_ca,0
435,BUS_435,110,BUS_435,1_org,1_ca,0
436,BUS_436,110,BUS_436,1_org,1_ca,0
437,BUS_437,110,BUS_437,1_org,1_ca,0
438,BUS_438,110,BUS_438,1_org,1_ca,0
439,BUS_439,110,BUS_439,1_org,1_ca,0
440,BUS_440,110,BUS_440,1_org,1_ca,0
441,BUS_441,110,BUS_441,1_org,1_ca,0
442,BUS_442,110,BUS_442,1_org,1_ca,0
443,BUS_443,110,BUS_443,1_org,1_ca,0
444,BUS_444,110,BUS_444,1_org,1_ca,0
445,BUS_445,110,BUS_445,1_org,1_ca,0
446,BUS_446,110,BUS_446,1_org,1_ca,0
447,BUS_447,110,BUS_447,1_org,1_ca,0
448,BUS_448,110,BUS_448,1_org,1_ca,0
449,BUS_449,110,BUS_449,1_org,1_ca,0
450,BUS_450,110,BUS_450,1_org,1_ca,0
451,BUS_451,110,BUS_451,1_org,1_ca,0
452,BUS_452,110,BUS_452,1_org,1_ca,0
453,BUS_453,110,BUS_453,1_org,1_ca,0
454,BUS_454,110,BUS_454,1_org,1_ca,0
455,BUS_455,110,BUS_455,1_org,1_ca,0
456,BUS_456,110,BUS_456,1_org,1_ca,0
457,BUS_457,110,BUS_457,1_org,1_ca,0
458,BUS_458,110,BUS_458,1_org,1_ca,0
459,BUS_459,110,BUS_459,1_org,1_ca,0
460,BUS_460,110,BUS_460,1_org,1_ca,0
461,BUS_461,110,BUS_461,1_org,1_ca,0
462,BUS_462,110,BUS_462,1_org,1_ca,0
463,BUS_463,110,BUS_463,1_org,1_ca,0
464,BUS_464,110,BUS_464,1_org,1_ca,0
465,BUS_465,110,BUS_465,1_org,1_ca,0
466,BUS_466,110,BUS_466,1_org,1_ca,0
467,BUS_467,110,BUS_467,1_org,1_ca,0
468,BUS_468,110,BUS_468,1_org,1_ca,0
469,BUS_469,110,BUS_469,1_org,1_ca,0
470,BUS_470,110,BUS_470,1_org,1_ca,0
471,BUS_471,110,BUS_471,1_org,1_ca,0
472,BUS_472,110,BUS_472,1_org,1_ca,0
473,BUS_473,110,BUS_473,1_org,1_ca,0
474,BUS_474,110,BUS_474,1_org,1_ca,0
475,BUS_475,110,BUS_475,1_org,1_ca,0
476,BUS_476,110,BUS_476,1_org,1_ca,0
477,BUS_477,110,BUS_477,1_org,1_ca,0
478,BUS_478,110,BUS_478,1_org,1_ca,0
479,BUS_479,110,BUS_479,1_org,1_ca,0
480,BUS_480,110,BUS_480,1_org,1_ca,0
481,BUS_481,110,BUS_481,1_org,1_ca,0
482,BUS_482,110,BUS_482,1_org,1_ca,0
483,BUS_483,110,BUS_483,1_org,1_ca,0
484,BUS_484,110,BUS_484,1_org,1_ca,0
485,BUS_485,110,BUS_485,1_org,1_ca,0
486,BUS_486,110,BUS_486,1_org,1_ca,0
487,BUS_487,110,BUS_487,1_org,1_ca,0
488,BUS_488,110,BUS_488,1_org,1_ca,0
489,BUS_489,110,BUS_489,1_org,1_ca,0
490,BUS_490,110,BUS_490,1_org,1_ca,0
491,BUS_491,110,BUS_491,1_org,1_ca,0
492,BUS_492,110,BUS_492,1_org,1_ca,0
493,BUS_493,110,BUS_493,1_org,1_ca,0
494,BUS_494,110,BUS_494,1_org,1_ca,0
495,BUS_495,110,BUS_495,1_org,1_ca,0
496,BUS_496,110,BUS_496,1_org,1_ca,0
497,BUS_497,110,BUS_497,1_org,1_ca,0
498,BUS_498,110,BUS_498,1_org,1_ca,0
499,BUS_499,110,BUS_499,1_org,1_ca,0
500,BUS_500,110,BUS_500,1_org,1_ca,0
501,BUS_501,110,BUS_501,1_org,1_ca,0
502,BUS_502,110,BUS_502,1_org,1_ca,0
503,BUS_503,110,BUS_503,1_org,1_ca,0
504,BUS_504,110,BUS_504,1_org,1_ca,0
505,BUS_505,110,BUS_505,1_org,1_ca,0
506,BUS_506,110,BUS_506,1_org,1_ca,0
507,BUS_507,110,BUS_507,1_org,1_ca,0
508,BUS_508,110,BUS_508,1_org,1_ca,0
509,BUS_509,110,BUS_509,1_org,1_ca,0
510,BUS_510,110,BUS_510,1_org,1_ca,0
511,BUS_511,110,BUS_511,1_org,1_ca,0
512,BUS_512,110,BUS_512,1_org,1_ca,0
513,BUS_513,110,BUS_513,1_org,1_ca,0
514,BUS_514,110,BUS_514,1_org,1_ca,0
515,BUS_515,110,BUS_515,1_org,1_ca,0
516,BUS_516,110,BUS_516,1_org,1_ca,0
517,BUS_517,110,BUS_517,1_org,1_ca,0
518,BUS_518,110,BUS_518,1_org,1_ca,0
519,BUS_519,110,BUS_519,1_org,1_ca,0
520,BUS_520,110,BUS_520,1_org,1_ca,0
521,BUS_521,110,BUS_521,1_org,1_ca,0
522,BUS_522,110,BUS_522,1_org,1_ca,0
523,BUS_523,110,BUS_523,1_org,1_ca,0
524,BUS_524,110,BUS_524,1_org,1_ca,0
525,BUS_525,110,BUS_525,1_org,1_ca,0
526,BUS_526,110,BUS_526,1_org,1_ca,0
527,BUS_527,110,BUS_527,1_org,1_ca,0
528,BUS_528,110,BUS_528,1_org,1_ca,0
529,BUS_529,110,BUS_529,1_org,1_ca,0
530,BUS_530,110,BUS_530,1_org,1_ca,0
531,BUS_531,110,BUS_531,1_org,1_ca,0
532,BUS_532,110,BUS_532,1_org,1_ca,0
533,BUS_533,110,BUS_533,1_org,1_ca,0
534,BUS_534,110,BUS_534,1_org,1_ca,0
535,BUS_535,110,BUS_535,1_org,1_ca,0
536,BUS_536,110,BUS_536,1_org,1_ca,0
537,BUS_537,110,BUS_537,1_org,1_ca,0
538,BUS_538,110,BUS_538,1_org,1_ca,0
539,BUS_539,110,BUS_539,1_org,1_ca,0
540,BUS_540,110,BUS_540,1_org,1_ca,0
541,BUS_541,110,BUS_541,1_org,1_ca,0
542,BUS_542,110,BUS_542,1_org,1_ca,0
543,BUS_543,110,BUS_543,1_org,1_ca,0
544,BUS_544,110,BUS_544,1_org,1_ca,0
545,BUS_545,110,BUS_545,1_org,1_ca,0
546,BUS_546,110,BUS_546,1_org,1_ca,0
547,BUS_547,110,BUS_547,1_org,1_ca,0
548,BUS_548,110,BUS_548,1_org,1_ca,0
549,BUS_549,110,BUS_549,1_org,1_ca,0
550,BUS_550,110,BUS_550,1_org,1_ca,0
551,BUS_551,110,BUS_551,1_org,1_ca,0
552,BUS_552,110,BUS_552,1_org,1_ca,0
553,BUS_553,110,BUS_553,1_org,1_ca,0
554,BUS_554,110,BUS_554,1_org,1_ca,0
555,BUS_555,110,BUS_555,1_org,1_ca,0
556,BUS_556,110,BUS_556,1_org,1_ca,0
557,BUS_557,110,BUS_557,1_org,1_ca,0
558,BUS_558,110,BUS_558,1_org,1_ca,0
559,BUS_559,110,BUS_559,1_org,1_ca,0
560,BUS_560,110,BUS_560,1_org,1_ca,0
561,BUS_561,110,BUS_561,1_org,1_ca,0
562,BUS_562,110,BUS_562,1_org,1_ca,0
563,BUS_563,110,BUS_563,1_org,1_ca,0
564,BUS_564,110,BUS_564,1_org,1_ca,0
565,BUS_565,110,BUS_565,1_org,1_ca,0
566,BUS_566,110,BUS_566,1_org,1_ca,0
567,BUS_567,110,BUS_567,1_org,1_ca,0
568,BUS_568,110,BUS_568,1_org,1_ca,0
569,BUS_569,110,BUS_569,1_org,1_ca,0
570,BUS_570,110,BUS_570,1_org,1_ca,0
571,BUS_571,110,BUS_571,1_org,1_ca,0
572,BUS_572,110,BUS_572,1_org,1_ca,0
573,BUS_573,110,BUS_573,1_org,1_ca,0
574,BUS_574,110,BUS_574,1_org,1_ca,0
575,BUS_575,110,BUS_575,1_org,1_ca,0
576,BUS_576,110,BUS_576,1_org,1_ca,0
577,BUS_577,110,BUS_577,1_org,1_ca,0
578,BUS_578,110,BUS_578,1_org,1_ca,0
579,BUS_579,110,BUS_579,1_org,1_ca,0
580,BUS_580,110,BUS_580,1_org,1_ca,0
581,BUS_581,110,BUS_581,1_org,1_ca,0
582,BUS_582,110,BUS_582,1_org,1_ca,0
583,BUS_583,110,BUS_583,1_org,1_ca,0
584,BUS_584,110,BUS_584,1_org,1_ca,0
585,BUS_585,110,BUS_585,1_org,1_ca,0
586,BUS_586,110,BUS_586,1_org,1_ca,0
587,BUS_587,110,BUS_587,1_org,1_ca,0
588,BUS_588,110,BUS_588,1_org,1_ca,0
589,BUS_589,110,BUS_589,1_org,1_ca,0
590,BUS_590,110,BUS_590,1_org,1_ca,0
591,BUS_591,110,BUS_591,1_org,1_ca,0
592,BUS_592,110,BUS_592,1_org,1_ca,0
593,BUS_593,110,BUS_593,1_org,1_ca,0
594,BUS_594,110,BUS_594,1_org,1_ca,0
595,BUS_595,110,BUS_595,1_org,1_ca,0
596,BUS_596,110,BUS_596,1_org,1_ca,0
597,BUS_597,110,BUS_597,1_org,1_ca,0
598,BUS_598,110,BUS_598,1_org,1_ca,0
599,BUS_599,110,BUS_599,1_org,1_ca,0
600,BUS_600,110,BUS_600,1_org,1_ca,0
601,BUS_601,110,BUS_601,1_org,1_ca,0
602,BUS_602,110,BUS_602,1_org,1_ca,0
603,BUS_603,110,BUS_603,1_org,1_ca,0
604,BUS_604,110,BUS_604,1_org,1_ca,0
605,BUS_605,110,BUS_605,1_org,1_ca,0
606,BUS_606,110,BUS_606,1_org,1_ca,0
607,BUS_607,110,BUS_607,1_org,1_ca,0
608,BUS_608,110,BUS_608,1_org,1_ca,0
609,BUS_609,110,BUS_609,1_org,1_ca,0
610,BUS_610,110,BUS_610,1_org,1_ca,0
611,BUS_611,110,BUS_611,1_org,1_ca,0
612,BUS_612,110,BUS_612,1_org,1_ca,0
613,BUS_613,110,BUS_613,1_org,1_ca,0
614,BUS_614,110,BUS_614,1_org,1_ca,0
615,BUS_615,110,BUS_615,1_org,1_ca,0
616,BUS_616,110,BUS_616,1_org,1_ca,0
617,BUS_617,110,BUS_617,1_org,1_ca,0
618,BUS_618,110,BUS_618,1_org,1_ca,0
619,BUS_619,110,BUS_619,1_org,1_ca,0
620,BUS_620,110,BUS_620,1_org,1_ca,0
621,BUS_621,110,BUS_621,1_org,1_ca,0
622,BUS_622,110,BUS_622,1_org,1_ca,0
623,BUS_623,110,BUS_623,1_org,1_ca,0
624,BUS_624,110,BUS_624,1_org,1_ca,0
625,BUS_625,110,BUS_625,1_org,1_ca,0
626,BUS_626,110,BUS_626,1_org,1_ca,0
627,BUS_627,110,BUS_627,1_org,1_ca,0
628,BUS_628,110,BUS_628,1_org,1_ca,0
629,BUS_629,110,BUS_629,1_org,1_ca,0
630,BUS_630,110,BUS_630,1_org,1_ca,0
631,BUS_631,110,BUS_631,1_org,1_ca,0
632,BUS_632,110,BUS_632,1_org,1_ca,0
633,BUS_633,110,BUS_633,1_org,1_ca,0
634,BUS_634,110,BUS_634,1_org,1_ca,0
635,BUS_635,110,BUS_635,1_org,1_ca,0
636,BUS_636,110,BUS_636,1_org,1_ca,0
637,BUS_637,110,BUS_637,1_org,1_ca,0
638,BUS_638,110,BUS_638,1_org,1_ca,0
639,BUS_639,110,BUS_639,1_org,1_ca,0
640,BUS_640,110,BUS_640,1_org,1_ca,0
641,BUS_641,110,BUS_641,1_org,1_ca,0
642,BUS_642,110,BUS_642,1_org,1_ca,0
643,BUS_643,110,BUS_643,1_org,1_ca,0
644,BUS_644,110,BUS_644,1_org,1_ca,0
645,BUS_645,110,BUS_645,1_org,1_ca,0
646,BUS_646,110,BUS_646,1_org,1_ca,0
647,BUS_647,110,BUS_647,1_org,1_ca,0
648,BUS_648,110,BUS_648,1_org,1_ca,0
649,BUS_649,110,BUS_649,1_org,1_ca,0
650,BUS_650,110,BUS_650,1_org,1_ca,0
651,BUS_651,110,BUS_651,1_org,1_ca,0
652,BUS_652,110,BUS_652,1_org,1_ca,0
653,BUS_653,110,BUS_653,1_org,1_ca,0
654,BUS_654,110,BUS_654,1_org,1_ca,0
655,BUS_655,110,BUS_655,1_org,1_ca,0
656,BUS_656,110,BUS_656,1_org,1_ca,0
657,BUS_657,110,BUS_657,1_org,1_ca,0
658,BUS_658,110,BUS_658,1_org,1_ca,0
659,BUS_659,110,BUS_659,1_org,1_ca,0
660,BUS_660,110,BUS_660,1_org,1_ca,0
661,BUS_661,110,BUS_661,1_org,1_ca,0
662,BUS_662,110,BUS_662,1_org,1_ca,0
663,BUS_663,110,BUS_663,1_org,1_ca,0
664,BUS_664,110,BUS_664,1_org,1_ca,0
665,BUS_665,110,BUS_665,1_org,1_ca,0
666,BUS_666,110,BUS_666,1_org,1_ca,0
667,BUS_667,110,BUS_667,1_org,1_ca,0
668,BUS_668,110,BUS_668,1_org,1_ca,0
669,BUS_669,110,BUS_669,1_org,1_ca,0
670,BUS_670,110,BUS_670,1_org,1_ca,0
671,BUS_671,110,BUS_671,1_org,1_ca,0
672,BUS_672,110,BUS_672,1_org,1_ca,0
673,BUS_673,110,BUS_673,1_org,1_ca,0
674,BUS_674,110,BUS_674,1_org,1_ca,0
675,BUS_675,110,BUS_675,1_org,1_ca,0
676,BUS_676,110,BUS_676,1_org,1_ca,0
677,BUS_677,110,BUS_677,1_org,1_ca,0
678,BUS_678,110,BUS_678,1_org,1_ca,0
679,BUS_679,110,BUS_679,1_org,1_ca,0
680,BUS_680,110,BUS_680,1_org,1_ca,0
681,BUS_681,110,BUS_681,1_org,1_ca,0
682,BUS_682,110,BUS_682,1_org,1_ca,0
683,BUS_683,110,BUS_683,1_org,1_ca,0
684,BUS_684,110,BUS_684,1_org,1_ca,0
685,BUS_685,110,BUS_685,1_org,1_ca,0
686,BUS_686,110,BUS_686,1_org,1_ca,0
687,BUS_687,110,BUS_687,1_org,1_ca,0
688,BUS_688,110,BUS_688,1_org,1_ca,0
689,BUS_689,110,BUS_689,1_org,1_ca,0
690,BUS_690,110,BUS_690,1_org,1_ca,0
691,BUS_691,110,BUS_691,1_org,1_ca,0
692,BUS_692,110,BUS_692,1_org,1_ca,0
693,BUS_693,110,BUS_693,1_org,1_ca,0
694,BUS_694,110,BUS_694,1_org,1_ca,0
695,BUS_695,110,BUS_695,1_org,1_ca,0
696,BUS_696,110,BUS_696,1_org,1_ca,0
697,BUS_697,110,BUS_697,1_org,1_ca,0
698,BUS_698,110,BUS_698,1_org,1_ca,0
699,BUS_699,110,BUS_699,1_org,1_ca,0
700,BUS_700,110,BUS_700,1_org,1_ca,0
701,BUS_701,110,BUS_701,1_org,1_ca,0
702,BUS_702,110,BUS_702,1_org,1_ca,0
703,BUS_703,110,BUS_703,1_org,1_ca,0
704,BUS_704,110,BUS_704,1_org,1_ca,0
705,BUS_705,110,BUS_705,1_org,1_ca,0
706,BUS_706,110,BUS_706,1_org,1_ca,0
707,BUS_707,110,BUS_707,1_org,1_ca,0
708,BUS_708,110,BUS_708,1_org,1_ca,0
709,BUS_709,110,BUS_709,1_org,1_ca,0
710,BUS_710,110,BUS_710,1_org,1_ca,0
711,BUS_711,110,BUS_711,1_org,1_ca,0
712,BUS_712,110,BUS_712,1_org,1_ca,0
713,BUS_713,110,BUS_713,1_org,1_ca,0
714,BUS_714,110,BUS_714,1_org,1_ca,0
715,BUS_715,110,BUS_715,1_org,1_ca,0
716,BUS_716,110,BUS_716,1_org,1_ca,0
717,BUS_717,110,BUS_717,1_org,1_ca,0
718,BUS_718,110,BUS_718,1_org,1_ca,0
719,BUS_719,110,BUS_719,1_org,1_ca,0
720,BUS_720,110,BUS_720,1_org,1_ca,0
721,BUS_721,110,BUS_721,1_org,1_ca,0
722,BUS_722,110,BUS_722,1_org,1_ca,0
723,BUS_723,110,BUS_723,1_org,1_ca,0
724,BUS_724,110,BUS_724,1_org,1_ca,0
725,BUS_725,110,BUS_725,1_org,1_ca,0
726,BUS_726,110,BUS_726,1_org,1_ca,0
727,BUS_727,110,BUS_727,1_org,1_ca,0
728,BUS_728,110,BUS_728,1_org,1_ca,0
729,BUS_729,110,BUS_729,1_org,1_ca,0
730,BUS_730,110,BUS_730,1_org,1_ca,0
731,BUS_731,110,BUS_731,1_org,1_ca,0
732,BUS_732,110,BUS_732,1_org,1_ca,0
733,BUS_733,110,BUS_733,1_org,1_ca,0
734,BUS_734,110,BUS_734,1_org,1_ca,0
735,BUS_735,110,BUS_735,1_org,1_ca,0
736,BUS_736,110,BUS_736,1_org,1_ca,0
737,BUS_737,110,BUS_737,1_org,1_ca,0
738,BUS_738,110,BUS_738,1_org,1_ca,0
739,BUS_739,110,BUS_739,1_org,1_ca,0
740,BUS_740,110,BUS_740,1_org,1_ca,0
741,BUS_741,110,BUS_741,1_org,1_ca,0
742,BUS_742,110,BUS_742,1_org,1_ca,0
743,BUS_743,110,BUS_743,1_org,1_ca,0
744,BUS_744,110,BUS_744,1_org,1_ca,0
745,BUS_745,110,BUS_745,1_org,1_ca,0
746,BUS_746,110,BUS_746,1_org,1_ca,0
747,BUS_747,110,BUS_747,1_org,1_ca,0
748,BUS_748,110,BUS_748,1_org,1_ca,0
749,BUS_749,110,BUS_749,1_org,1_ca,0
750,BUS_750,110,BUS_750,1_org,1_ca,0
751,BUS_751,110,BUS_751,1_org,1_ca,0
752,BUS_752,110,BUS_752,1_org,1_ca,0
753,BUS_753,110,BUS_753,1_org,1_ca,0
754,BUS_754,110,BUS_754,1_org,1_ca,0
755,BUS_755,110,BUS_755,1_org,1_ca,0
756,BUS_756,110,BUS_756,1_org,1_ca,0
757,BUS_757,110,BUS_757,1_org,1_ca,0
758,BUS_758,110,BUS_758,1_org,1_ca,0
759,BUS_759,110,BUS_759,1_org,1_ca,0
760,BUS_760,110,BUS_760,1_org,1_ca,0
761,BUS_761,110,BUS_761,1_org,1_ca,0
762,BUS_762,110,BUS_762,1_org,1_ca,0
763,BUS_763,110,BUS_763,1_org,1_ca,0
764,BUS_764,110,BUS_764,1_org,1_ca,0
765,BUS_765,110,BUS_765,1_org,1_ca,0
766,BUS_766,110,BUS_766,1_org,1_ca,0
767,BUS_767,110,BUS_767,1_org,1_ca,0
768,BUS_768,110,BUS_768,1_org,1_ca,0
769,BUS_769,110,BUS_769,1_org,1_ca,0
770,BUS_770,110,BUS_770,1_org,1_ca,0
771,BUS_771,110,BUS_771,1_org,1_ca,0
772,BUS_772,110,BUS_772,1_org,1_ca,0
773,BUS_773,110,BUS_773,1_org,1_ca,0
774,BUS_774,110,BUS_774,1_org,1_ca,0
775,BUS_775,110,BUS_775,1_org,1_ca,0
776,BUS_776,110,BUS_776,1_org,1_ca,0
777,BUS_777,110,BUS_777,1_org,1_ca,0
778,BUS_778,110,BUS_778,1_org,1_ca,0
779,BUS_779,110,BUS_779,1_org,1_ca,0
780,BUS_780,110,BUS_780,1_org,1_ca,0
781,BUS_781,110,BUS_781,1_org,1_ca,0
782,BUS_782,110,BUS_782,1_org,1_ca,0
783,BUS_783,110,BUS_783,1_org,1_ca,0
784,BUS_784,110,BUS_784,1_org,1_ca,0
785,BUS_785,110,BUS_785,1_org,1_ca,0
786,BUS_786,110,BUS_786,1_org,1_ca,0
787,BUS_787,110,BUS_787,1_org,1_ca,0
788,BUS_788,110,BUS_788,1_org,1_ca,0
789,BUS_789,110,BUS_789,1_org,1_ca,0
790,BUS_790,110,BUS_790,1_org,1_ca,0
791,BUS_791,110,BUS_791,1_org,1_ca,0
792,BUS_792,110,BUS_792,1_org,1_ca,0
793,BUS_793,110,BUS_793,1_org,1_ca,0
794,BUS_794,110,BUS_794,1_org,1_ca,0
795,BUS_795,110,BUS_795,1_org,1_ca,0
796,BUS_796,110,BUS_796,1_org,1_ca,0
797,BUS_797,110,BUS_797,1_org,1_ca,0
798,BUS_798,110,BUS_798,1_org,1_ca,0
799,BUS_799,110,BUS_799,1_org,1_ca,0
800,BUS_800,110,BUS_800,1_org,1_ca,0
801,BUS_801,110,BUS_801,1_org,1_ca,0
802,BUS_802,110,BUS_802,1_org,1_ca,0
803,BUS_803,110,BUS_803,1_org,1_ca,0
804,BUS_804,110,BUS_804,1_org,1_ca,0
805,BUS_805,110,BUS_805,1_org,1_ca,0
806,BUS_806,110,BUS_806,1_org,1_ca,0
807,BUS_807,110,BUS_807,1_org,1_ca,0
808,BUS_808,110,BUS_808,1_org,1_ca,0
809,BUS_809,110,BUS_809,1_org,1_ca,0
810,BUS_810,110,BUS_810,1_org,1_ca,0
811,BUS_811,110,BUS_811,1_org,1_ca,0
812,BUS_812,110,BUS_812,1_org,1_ca,0
813,BUS_813,110,BUS_813,1_org,1_ca,0
814,BUS_814,110,BUS_814,1_org,1_ca,0
815,BUS_815,110,BUS_815,1_org,1_ca,0
816,BUS_816,110,BUS_816,1_org,1_ca,0
817,BUS_817,110,BUS_817,1_org,1_ca,0
818,BUS_818,110,BUS_818,1_org,1_ca,0
819,BUS_819,110,BUS_819,1_org,1_ca,0
820,BUS_820,110,BUS_820,1_org,1_ca,0
821,BUS_821,110,BUS_821,1_org,1_ca,0
822,BUS_822,110,BUS_822,1_org,1_ca,0
823,BUS_823,110,BUS_823,1_org,1_ca,0
824,BUS_824,110,BUS_824,1_org,1_ca,0
825,BUS_825,110,BUS_825,1_org,1_ca,0
826,BUS_826,110,BUS_826,1_org,1_ca,0
827,BUS_827,110,BUS_827,1_org,1_ca,0
828,BUS_828,110,BUS_828,1_org,1_ca,0
829,BUS_829,110,BUS_829,1_org,1_ca,0
830,BUS_830,110,BUS_830,1_org,1_ca,0
831,BUS_831,110,BUS_831,1_org,1_ca,0
832,BUS_832,110,BUS_832,1_org,1_ca,0
833,BUS_833,110,BUS_833,1_org,1_ca,0
834,BUS_834,110,BUS_834,1_org,1_ca,0
835,BUS_835,110,BUS_835,1_org,1_ca,0
836,BUS_836,110,BUS_836,1_org,1_ca,0
837,BUS_837,110,BUS_837,1_org,1_ca,0
838,BUS_838,110,BUS_838,1_org,1_ca,0
839,BUS_839,110,BUS_839,1_org,1_ca,0
840,BUS_840,110,BUS_840,1_org,1_ca,0
841,BUS_841,110,BUS_841,1_org,1_ca,0
842,BUS_842,110,BUS_842,1_org,1_ca,0
843,BUS_843,110,BUS_843,1_org,1_ca,0
844,BUS_844,110,BUS_844,1_org,1_ca,0
845,BUS_845,110,BUS_845,1_org,1_ca,0
846,BUS_846,110,BUS_846,1_org,1_ca,0
847,BUS_847,110,BUS_847,1_org,1_ca,0
848,BUS_848,110,BUS_848,1_org,1_ca,0
849,BUS_849,110,BUS_849,1_org,1_ca,0
850,BUS_850,110,BUS_850,1_org,1_ca,0
851,BUS_851,110,BUS_851,1_org,1_ca,0
852,BUS_852,110,BUS_852,1_org,1_ca,0
853,BUS_853,110,BUS_853,1_org,1_ca,0
854,BUS_854,110,BUS_854,1_org,1_ca,0
855,BUS_855,110,BUS_855,1_org,1_ca,0
856,BUS_856,110,BUS_856,1_org,1_ca,0
857,BUS_857,110,BUS_857,1_org,1_ca,0
858,BUS_858,110,BUS_858,1_org,1_ca,0
859,BUS_859,110,BUS_859,1_org,1_ca,0
860,BUS_860,110,BUS_860,1_org,1_ca,0
861,BUS_861,110,BUS_861,1_org,1_ca,0
862,BUS_862,110,BUS_862,1_org,1_ca,0
863,BUS_863,110,BUS_863,1_org,1_ca,0
864,BUS_864,110,BUS_864,1_org,1_ca,0
865,BUS_865,110,BUS_865,1_org,1_ca,0
866,BUS_866,110,BUS_866,1_org,1_ca,0
867,BUS_867,110,BUS_867,1_org,1_ca,0
868,BUS_868,110,BUS_868,1_org,1_ca,0
869,BUS_869,110,BUS_869,1_org,1_ca,0
870,BUS_870,110,BUS_870,1_org,1_ca,0
871,BUS_871,110,BUS_871,1_org,1_ca,0
872,BUS_872,110,BUS_872,1_org,1_ca,0
873,BUS_873,110,BUS_873,1_org,1_ca,0
874,BUS_874,110,BUS_874,1_org,1_ca,0
875,BUS_875,110,BUS_875,1_org,1_ca,0
876,BUS_876,110,BUS_876,1_org,1_ca,0
877,BUS_877,110,BUS_877,1_org,1_ca,0
878,BUS_878,110,BUS_878,1_org,1_ca,0
879,BUS_879,110,BUS_879,1_org,1_ca,0
880,BUS_880,110,BUS_880,1_org,1_ca,0
881,BUS_881,110,BUS_881,1_org,1_ca,0
882,BUS_882,110,BUS_882,1_org,1_ca,0
883,BUS_883,110,BUS_883,1_org,1_ca,0
884,BUS_884,110,BUS_884,1_org,1_ca,0
885,BUS_885,110,BUS_885,1_org,1_ca,0
886,BUS_886,110,BUS_886,1_org,1_ca,0
887,BUS_887,110,BUS_887,1_org,1_ca,0
888,BUS_888,110,BUS_888,1_org,1_ca,0
889,BUS_889,110,BUS_889,1_org,1_ca,0
890,BUS_890,110,BUS_890,1_org,1_ca,0
891,BUS_891,110,BUS_891,1_org,1_ca,0
892,BUS_892,110,BUS_892,1_org,1_ca,0
893,BUS_893,110,BUS_893,1_org,1_ca,0
894,BUS_894,110,BUS_894,1_org,1_ca,0
895,BUS_895,110,BUS_895,1_org,1_ca,0
896,BUS_896,110,BUS_896,1_org,1_ca,0
897,BUS_897,110,BUS_897,1_org,1_ca,0
898,BUS_898,110,BUS_898,1_org,1_ca,0
899,BUS_899,110,BUS_899,1_org,1_ca,0
900,BUS_900,110,BUS_900,1_org,1_ca,0
901,BUS_901,110,BUS_901,1_org,1_ca,0
902,BUS_902,110,BUS_902,1_org,1_ca,0
903,BUS_903,110,BUS_903,1_org,1_ca,0
904,BUS_904,110,BUS_904,1_org,1_ca,0
905,BUS_905,110,BUS_905,1_org,1_ca,0
906,BUS_906,110,BUS_906,1_org,1_ca,0
907,BUS_907,110,BUS_907,1_org,1_ca,0
908,BUS_908,110,BUS_908,1_org,1_ca,0
909,BUS_909,110,BUS_909,1_org,1_ca,0
910,BUS_910,110,BUS_910,1_org,1_ca,0
911,BUS_911,110,BUS_911,1_org,1_ca,0
912,BUS_912,110,BUS_912,1_org,1_ca,0
913,BUS_913,110,BUS_913,1_org,1_ca,0
914,BUS_914,110,BUS_914,1_org,1_ca,0
915,BUS_915,110,BUS_915,1_org,1_ca,0
916,BUS_916,110,BUS_916,1_org,1_ca,0
917,BUS_917,110,BUS_917,1_org,1_ca,0
918,BUS_918,110,BUS_918,1_org,1_ca,0
919,BUS_919,110,BUS_919,1_org,1_ca,0
920,BUS_920,110,BUS_920,1_org,1_ca,0
921,BUS_921,110,BUS_921,1_org,1_ca,0
922,BUS_922,110,BUS_922,1_org,1_ca,0
923,BUS_923,110,BUS_923,1_org,1_ca,0
924,BUS_924,110,BUS_924,1_org,1_ca,0
925,BUS_925,110,BUS_925,1_org,1_ca,0
926,BUS_926,110,BUS_926,1_org,1_ca,0
927,BUS_927,110,BUS_927,1_org,1_ca,0
928,BUS_928,110,BUS_928,1_org,1_ca,0
929,BUS_929,110,BUS_929,1_org,1_ca,0
930,BUS_930,110,BUS_930,1_org,1_ca,0
931,BUS_931,110,BUS_931,1_org,1_ca,0
932,BUS_932,110,BUS_932,1_org,1_ca,0
933,BUS_933,110,BUS_933,1_org,1_ca,0
934,BUS_934,110,BUS_934,1_org,1_ca,0
935,BUS_935,110,BUS_935,1_org,1_ca,0
936,BUS_936,110,BUS_936,1_org,1_ca,0
937,BUS_937,110,BUS_937,1_org,1_ca,0
938,BUS_938,110,BUS_938,1_org,1_ca,0
939,BUS_939,110,BUS_939,1_org,1_ca,0
940,BUS_940,110,BUS_940,1_org,1_ca,0
941,BUS_941,110,BUS_941,1_org,1_ca,0
942,BUS_942,110,BUS_942,1_org,1_ca,0
943,BUS_943,110,BUS_943,1_org,1_ca,0
944,BUS_944,110,BUS_944,1_org,1_ca,0
945,BUS_945,110,BUS_945,1_org,1_ca,0
946,BUS_946,110,BUS_946,1_org,1_ca,0
947,BUS_947,110,BUS_947,1_org,1_ca,0
948,BUS_948,110,BUS_948,1_org,1_ca,0
949,BUS_949,110,BUS_949,1_org,1_ca,0
950,BUS_950,110,BUS_950,1_org,1_ca,0
951,BUS_951,110,BUS_951,1_org,1_ca,0
952,BUS_952,110,BUS_952,1_org,1_ca,0
953,BUS_953,110,BUS_953,1_org,1_ca,0
954,BUS_954,110,BUS_954,1_org,1_ca,0
955,BUS_955,110,BUS_955,1_org,1_ca,0
956,BUS_956,110,BUS_956,1_org,1_ca,0
957,BUS_957,110,BUS_957,1_org,1_ca,0
958,BUS_958,110,BUS_958,1_org,1_ca,0
959,BUS_959,110,BUS_959,1_org,1_ca,0
960,BUS_960,110,BUS_960,1_org,1_ca,0
961,BUS_961,110,BUS_961,1_org,1_ca,0
962,BUS_962,110,BUS_962,1_org,1_ca,0
963,BUS_963,110,BUS_963,1_org,1_ca,0
964,BUS_964,110,BUS_964,1_org,1_ca,0
965,BUS_965,110,BUS_965,1_org,1_ca,0
966,BUS_966,110,BUS_966,1_org,1_ca,0
967,BUS_967,110,BUS_967,1_org,1_ca,0
968,BUS_968,110,BUS_968,1_org,1_ca,0
969,BUS_969,110,BUS_969,1_org,1_ca,0
970,BUS_970,110,BUS_970,1_org,1_ca,0
971,BUS_971,110,BUS_971,1_org,1_ca,0
972,BUS_972,110,BUS_972,1_org,1_ca,0
973,BUS_973,110,BUS_973,1_org,1_ca,0
974,BUS_974,110,BUS_974,1_org,1_ca,0
975,BUS_975,110,BUS_975,1_org,1_ca,0
976,BUS_976,110,BUS_976,1_org,1_ca,0
977,BUS_977,110,BUS_977,1_org,1_ca,0
978,BUS_978,110,BUS_978,1_org,1_ca,0
979,BUS_979,110,BUS_979,1_org,1_ca,0
980,BUS_980,110,BUS_980,1_org,1_ca,0
981,BUS_981,110,BUS_981,1_org,1_ca,0
982,BUS_982,110,BUS_982,1_org,1_ca,0
983,BUS_983,110,BUS_983,1_org,1_ca,0
984,BUS_984,110,BUS_984,1_org,1_ca,0
985,BUS_985,110,BUS_985,1_org,1_ca,0
986,BUS_986,110,BUS_986,1_org,1_ca,0
987,BUS_987,110,BUS_987,1_org,1_ca,0
988,BUS_988,110,BUS_988,1_org,1_ca,0
989,BUS_989,110,BUS_989,1_org,1_ca,0
990,BUS_990,110,BUS_990,1_org,1_ca,0
991,BUS_991,110,BUS_991,1_org,1_ca,0
992,BUS_992,110,BUS_992,1_org,1_ca,0
993,BUS_993,110,BUS_993,1_org,1_ca,0
994,BUS_994,110,BUS_994,1_org,1_ca,0
995,BUS_995,110,BUS_995,1_org,1_ca,0
996,BUS_996,110,BUS_996,1_org,1_ca,0
997,BUS_997,110,BUS_997,1_org,1_ca,0
998,BUS_998,110,BUS_998,1_org,1_ca,0
999,BUS_999,110,BUS_999,1_org,1_ca,0
1000,BUS_1000,110,BUS_1000,1_org,1_ca,0
1001,BUS_1001,110,BUS_1001,1_org,1_ca,0
1002,BUS_1002,110,BUS_1002,1_org,1_ca,0
1003,BUS_1003,110,BUS_1003,1_org,1_ca,0
1004,BUS_1004,110,BUS_1004,1_org,1_ca,0
1005,BUS_1005,110,BUS_1005,1_org,1_ca,0
1006,BUS_1006,110,BUS_1006,1_org,1_ca,0
1007,BUS_1007,110,BUS_1007,1_org,1_ca,0
1008,BUS_1008,110,BUS_1008,1_org,1_ca,0
1009,BUS_1009,110,BUS_1009,1_org,1_ca,0
1010,BUS_1010,110,BUS_1010,1_org,1_ca,0
1011,BUS_1011,110,BUS_1011,1_org,1_ca,0
1012,BUS_1012,110,BUS_1012,1_org,1_ca,0
1013,BUS_1013,110,BUS_1013,1_org,1_ca,0
1014,BUS_1014,110,BUS_1014,1_org,1_ca,0
1015,BUS_1015,110,BUS_1015,1_org,1_ca,0
1016,BUS_1016,110,BUS_1016,1_org,1_ca,0
1017,BUS_1017,110,BUS_1017,1_org,1_ca,0
1018,BUS_1018,110,BUS_1018,1_org,1_ca,0
1019,BUS_1019,110,BUS_1019,1_org,1_ca,0
1020,BUS_1020,110,BUS_1020,1_org,1_ca,0
1021,BUS_1021,110,BUS_1021,1_org,1_ca,0
1022,BUS_1022,110,BUS_1022,1_org,1_ca,0
1023,BUS_1023,110,BUS_1023,1_org,1_ca,0
1024,BUS_1024,110,BUS_1024,1_org,1_ca,0
1025,BUS_1025,110,BUS_1025,1_org,1_ca,0
1026,BUS_1026,110,BUS_1026,1_org,1_ca,0
1027,BUS_1027,110,BUS_1027,1_org,1_ca,0
1028,BUS_1028,110,BUS_1028,1_org,1_ca,0
1029,BUS_1029,110,BUS_1029,1_org,1_ca,0
1030,BUS_1030,110,BUS_1030,1_org,1_ca,0
1031,BUS_1031,110,BUS_1031,1_org,1_ca,0
1032,BUS_1032,110,BUS_1032,1_org,1_ca,0
1033,BUS_1033,110,BUS_1033,1_org,1_ca,0
1034,BUS_1034,110,BUS_1034,1_org,1_ca,0
1035,BUS_1035,110,BUS_1035,1_org,1_ca,0
1036,BUS_1036,110,BUS_1036,1_org,1_ca,0
1037,BUS_1037,110,BUS_1037,1_org,1_ca,0
1038,BUS_1038,110,BUS_1038,1_org,1_ca,0
1039,BUS_1039,110,BUS_1039,1_org,1_ca,0
1040,BUS_1040,110,BUS_1040,1_org,1_ca,0
1041,BUS_1041,110,BUS_1041,1_org,1_ca,0
1042,BUS_1042,110,BUS_1042,1_org,1_ca,0
1043,BUS_1043,110,BUS_1043,1_org,1_ca,0
1044,BUS_1044,110,BUS_1044,1_org,1_ca,0
1045,BUS_1045,110,BUS_1045,1_org,1_ca,0
1046,BUS_1046,110,BUS_1046,1_org,1_ca,0
1047,BUS_1047,110,BUS_1047,1_org,1_ca,0
1048,BUS_1048,110,BUS_1048,1_org,1_ca,0
1049,BUS_1049,110,BUS_1049,1_org,1_ca,0
1050,BUS_1050,110,BUS_1050,1_org,1_ca,0
1051,BUS_1051,110,BUS_1051,1_org,1_ca,0
1052,BUS_1052,110,BUS_1052,1_org,1_ca,0
1053,BUS_1053,110,BUS_1053,1_org,1_ca,0
1054,BUS_1054,110,BUS_1054,1_org,1_ca,0
1055,BUS_1055,110,BUS_1055,1_org,1_ca,0
1056,BUS_1056,110,BUS_1056,1_org,1_ca,0
1057,BUS_1057,110,BUS_1057,1_org,1_ca,0
1058,BUS_1058,110,BUS_1058,1_org,1_ca,0
1059,BUS_1059,110,BUS_1059,1_org,1_ca,0
1060,BUS_1060,110,BUS_1060,1_org,1_ca,0
1061,BUS_1061,110,BUS_1061,1_org,1_ca,0
1062,BUS_1062,110,BUS_1062,1_org,1_ca,0
1063,BUS_1063,110,BUS_1063,1_org,1_ca,0
1064,BUS_1064,110,BUS_1064,1_org,1_ca,0
1065,BUS_1065,110,BUS_1065,1_org,1_ca,0
1066,BUS_1066,110,BUS_1066,1_org,1_ca,0
1067,BUS_1067,110,BUS_1067,1_org,1_ca,0
1068,BUS_1068,110,BUS_1068,1_org,1_ca,0
1069,BUS_1069,110,BUS_1069,1_org,1_ca,0
1070,BUS_1070,110,BUS_1070,1_org,1_ca,0
1071,BUS_1071,110,BUS_1071,1_org,1_ca,0
1072,BUS_1072,110,BUS_1072,1_org,1_ca,0
1073,BUS_1073,110,BUS_1073,1_org,1_ca,0
1074,BUS_1074,110,BUS_1074,1_org,1_ca,0
1075,BUS_1075,110,BUS_1075,1_org,1_ca,0
1076,BUS_1076,110,BUS_1076,1_org,1_ca,0
1077,BUS_1077,110,BUS_1077,1_org,1_ca,0
1078,BUS_1078,110,BUS_1078,1_org,1_ca,0
1079,BUS_1079,110,BUS_1079,1_org,1_ca,0
1080,BUS_1080,110,BUS_1080,1_org,1_ca,0
1081,BUS_1081,110,BUS_1081,1_org,1_ca,0
1082,BUS_1082,110,BUS_1082,1_org,1_ca,0
1083,BUS_1083,110,BUS_1083,1_org,1_ca,0
1084,BUS_1084,110,BUS_1084,1_org,1_ca,0
1085,BUS_1085,110,BUS_1085,1_org,1_ca,0
1086,BUS_1086,110,BUS_1086,1_org,1_ca,0
1087,BUS_1087,110,BUS_1087,1_org,1_ca,0
1088,BUS_1088,110,BUS_1088,1_org,1_ca,0
1089,BUS_1089,110,BUS_1089,1_org,1_ca,0
1090,BUS_1090,110,BUS_1090,1_org,1_ca,0
1091,BUS_1091,110,BUS_1091,1_org,1_ca,0
1092,BUS_1092,110,BUS_1092,1_org,1_ca,0
1093,BUS_1093,110,BUS_1093,1_org,1_ca,0
1094,BUS_1094,110,BUS_1094,1_org,1_ca,0
1095,BUS_1095,110,BUS_1095,1_org,1_ca,0
1096,BUS_1096,110,BUS_1096,1_org,1_ca,0
1097,BUS_1097,110,BUS_1097,1_org,1_ca,0
1098,BUS_1098,110,BUS_1098,1_org,1_ca,0
1099,BUS_1099,110,BUS_1099,1_org,1_ca,0
1100,BUS_1100,110,BUS_1100,1_org,1_ca,0
1101,BUS_1101,110,BUS_1101,1_org,1_ca,0
1102,BUS_1102,110,BUS_1102,1_org,1_ca,0
1103,BUS_1103,110,BUS_1103,1_org,1_ca,0
1104,BUS_1104,110,BUS_1104,1_org,1_ca,0
1105,BUS_1105,110,BUS_1105,1_org,1_ca,0
1106,BUS_1106,110,BUS_1106,1_org,1_ca,0
1107,BUS_1107,110,BUS_1107,1_org,1_ca,0
1108,BUS_1108,110,BUS_1108,1_org,1_ca,0
1109,BUS_1109,110,BUS_1109,1_org,1_ca,0
1110,BUS_1110,110,BUS_1110,1_org,1_ca,0
1111,BUS_1111,110,BUS_1111,1_org,1_ca,0
1112,BUS_1112,110,BUS_1112,1_org,1_ca,0
1113,BUS_1113,110,BUS_1113,1_org,1_ca,0
1114,BUS_1114,110,BUS_1114,1_org,1_ca,0
1115,BUS_1115,110,BUS_1115,1_org,1_ca,0
1116,BUS_1116,110,BUS_1116,1_org,1_ca,0
1117,BUS_1117,110,BUS_1117,1_org,1_ca,0
1118,BUS_1118,110,BUS_1118,1_org,1_ca,0
1119,BUS_1119,110,BUS_1119,1_org,1_ca,0
1120,BUS_1120,110,BUS_1120,1_org,1_ca,0
1121,BUS_1121,110,BUS_1121,1_org,1_ca,0
1122,BUS_1122,110,BUS_1122,1_org,1_ca,0
1123,BUS_1123,110,BUS_1123,1_org,1_ca,0
1124,BUS_1124,110,BUS_1124,1_org,1_ca,0
1125,BUS_1125,110,BUS_1125,1_org,1_ca,0
1126,BUS_1126,110,BUS_1126,1_org,1_ca,0
1127,BUS_1127,110,BUS_1127,1_org,1_ca,0
1128,BUS_1128,110,BUS_1128,1_org,1_ca,0
1129,BUS_1129,110,BUS_1129,1_org,1_ca,0
1130,BUS_1130,110,BUS_1130,1_org,1_ca,0
1131,BUS_1131,110,BUS_1131,1_org,1_ca,0
1132,BUS_1132,110,BUS_1132,1_org,1_ca,0
1133,BUS_1133,110,BUS_1133,1_org,1_ca,0
1134,BUS_1134,110,BUS_1134,1_org,1_ca,0
1135,BUS_1135,110,BUS_1135,1_org,1_ca,0
1136,BUS_1136,110,BUS_1136,1_org,1_ca,0
1137,BUS_1137,110,BUS_1137,1_org,1_ca,0
1138,BUS_1138,110,BUS_1138,1_org,1_ca,0
1139,BUS_1139,110,BUS_1139,1_org,1_ca,0
1140,BUS_1140,110,BUS_1140,1_org,1_ca,0
1141,BUS_1141,110,BUS_1141,1_org,1_ca,0
1142,BUS_1142,110,BUS_1142,1_org,1_ca,0
1143,BUS_1143,110,BUS_1143,1_org,1_ca,0
1144,BUS_1144,110,BUS_1144,1_org,1_ca,0
1145,BUS_1145,110,BUS_1145,1_org,1_ca,0
1146,BUS_1146,110,BUS_1146,1_org,1_ca,0
1147,BUS_1147,110,BUS_1147,1_org,1_ca,0
1148,BUS_1148,110,BUS_1148,1_org,1_ca,0
1149,BUS_1149,110,BUS_1149,1_org,1_ca,0
1150,BUS_1150,110,BUS_1150,1_org,1_ca,0
1151,BUS_1151,110,BUS_1151,1_org,1_ca,0
1152,BUS_1152,110,BUS_1152,1_org,1_ca,0
1153,BUS_1153,110,BUS_1153,1_org,1_ca,0
1154,BUS_1154,110,BUS_1154,1_org,1_ca,0
1155,BUS_1155,110,BUS_1155,1_org,1_ca,0
1156,BUS_1156,110,BUS_1156,1_org,1_ca,0
1157,BUS_1157,110,BUS_1157,1_org,1_ca,0
1158,BUS_1158,110,BUS_1158,1_org,1_ca,0
1159,BUS_1159,110,BUS_1159,1_org,1_ca,0
1160,BUS_1160,110,BUS_1160,1_org,1_ca,0
1161,BUS_1161,110,BUS_1161,1_org,1_ca,0
1162,BUS_1162,110,BUS_1162,1_org,1_ca,0
1163,BUS_1163,110,BUS_1163,1_org,1_ca,0
1164,BUS_1164,110,BUS_1164,1_org,1_ca,0
1165,BUS_1165,110,BUS_1165,1_org,1_ca,0
1166,BUS_1166,110,BUS_1166,1_org,1_ca,0
1167,BUS_1167,110,BUS_1167,1_org,1_ca,0
1168,BUS_1168,110,BUS_1168,1_org,1_ca,0
1169,BUS_1169,110,BUS_1169,1_org,1_ca,0
1170,BUS_1170,110,BUS_1170,1_org,1_ca,0
1171,BUS_1171,110,BUS_1171,1_org,1_ca,0
1172,BUS_1172,110,BUS_1172,1_org,1_ca,0
1173,BUS_1173,110,BUS_1173,1_org,1_ca,0
1174,BUS_1174,110,BUS_1174,1_org,1_ca,0
1175,BUS_1175,110,BUS_1175,1_org,1_ca,0
1176,BUS_1176,110,BUS_1176,1_org,1_ca,0
1177,BUS_1177,110,BUS_1177,1_org,1_ca,0
1178,BUS_1178,110,BUS_1178,1_org,1_ca,0
1179,BUS_1179,110,BUS_1179,1_org,1_ca,0
1180,BUS_1180,110,BUS_1180,1_org,1_ca,0
1181,BUS_1181,110,BUS_1181,1_org,1_ca,0
1182,BUS_1182,110,BUS_1182,1_org,1_ca,0
1183,BUS_1183,110,BUS_1183,1_org,1_ca,0
1184,BUS_1184,110,BUS_1184,1_org,1_ca,0
1185,BUS_1185,110,BUS_1185,1_org,1_ca,0
1186,BUS_1186,110,BUS_1186,1_org,1_ca,0
1187,BUS_1187,110,BUS_1187,1_org,1_ca,0
1188,BUS_1188,110,BUS_1188,1_org,1_ca,0
1189,BUS_1189,110,BUS_1189,1_org,1_ca,0
1190,BUS_1190,110,BUS_1190,1_org,1_ca,0
1191,BUS_1191,110,BUS_1191,1_org,1_ca,0
1192,BUS_1192,110,BUS_1192,1_org,1_ca,0
1193,BUS_1193,110,BUS_1193,1_org,1_ca,0
1194,BUS_1194,110,BUS_1194,1_org,1_ca,0
1195,BUS_1195,110,BUS_1195,1_org,1_ca,0
1196,BUS_1196,110,BUS_1196,1_org,1_ca,0
1197,BUS_1197,110,BUS_1197,1_org,1_ca,0
1198,BUS_1198,110,BUS_1198,1_org,1_ca,0
1199,BUS_1199,110,BUS_1199,1_org,1_ca,0
1200,BUS_1200,110,BUS_1200,1_org,1_ca,0
1201,BUS_1201,110,BUS_1201,1_org,1_ca,0
1202,BUS_1202,110,BUS_1202,1_org,1_ca,0
1203,BUS_1203,110,BUS_1203,1_org,1_ca,0
1204,BUS_1204,110,BUS_1204,1_org,1_ca,0
1205,BUS_1205,110,BUS_1205,1_org,1_ca,0
1206,BUS_1206,110,BUS_1206,1_org,1_ca,0
1207,BUS_1207,110,BUS_1207,1_org,1_ca,0
1208,BUS_1208,110,BUS_1208,1_org,1_ca,0
1209,BUS_1209,110,BUS_1209,1_org,1_ca,0
1210,BUS_1210,110,BUS_1210,1_org,1_ca,0
1211,BUS_1211,110,BUS_1211,1_org,1_ca,0
1212,BUS_1212,110,BUS_1212,1_org,1_ca,0
1213,BUS_1213,110,BUS_1213,1_org,1_ca,0
1214,BUS_1214,110,BUS_1214,1_org,1_ca,0
1215,BUS_1215,110,BUS_1215,1_org,1_ca,0
1216,BUS_1216,110,BUS_1216,1_org,1_ca,0
1217,BUS_1217,110,BUS_1217,1_org,1_ca,0
1218,BUS_1218,110,BUS_1218,1_org,1_ca,0
1219,BUS_1219,110,BUS_1219,1_org,1_ca,0
1220,BUS_1220,110,BUS_1220,1_org,1_ca,0
1221,BUS_1221,110,BUS_1221,1_org,1_ca,0
1222,BUS_1222,110,BUS_1222,1_org,1_ca,0
1223,BUS_1223,110,BUS_1223,1_org,1_ca,0
1224,BUS_1224,110,BUS_1224,1_org,1_ca,0
1225,BUS_1225,110,BUS_1225,1_org,1_ca,0
1226,BUS_1226,110,BUS_1226,1_org,1_ca,0
1227,BUS_1227,110,BUS_1227,1_org,1_ca,0
1228,BUS_1228,110,BUS_1228,1_org,1_ca,0
1229,BUS_1229,110,BUS_1229,1_org,1_ca,0
1230,BUS_1230,110,BUS_1230,1_org,1_ca,0
1231,BUS_1231,110,BUS_1231,1_org,1_ca,0
1232,BUS_1232,110,BUS_1232,1_org,1_ca,0
1233,BUS_1233,110,BUS_1233,1_org,1_ca,0
1234,BUS_1234,110,BUS_1234,1_org,1_ca,0
1235,BUS_1235,110,BUS_1235,1_org,1_ca,0
1236,BUS_1236,110,BUS_1236,1_org,1_ca,0
1237,BUS_1237,110,BUS_1237,1_org,1_ca,0
1238,BUS_1238,110,BUS_1238,1_org,1_ca,0
1239,BUS_1239,110,BUS_1239,1_org,1_ca,0
1240,BUS_1240,110,BUS_1240,1_org,1_ca,0
1241,BUS_1241,110,BUS_1241,1_org,1_ca,0
1242,BUS_1242,110,BUS_1242,1_org,1_ca,0
1243,BUS_1243,110,BUS_1243,1_org,1_ca,0
1244,BUS_1244,110,BUS_1244,1_org,1_ca,0
1245,BUS_1245,110,BUS_1245,1_org,1_ca,0
1246,BUS_1246,110,BUS_1246,1_org,1_ca,0
1247,BUS_1247,110,BUS_1247,1_org,1_ca,0
1248,BUS_1248,110,BUS_1248,1_org,1_ca,0
1249,BUS_1249,110,BUS_1249,1_org,1_ca,0
1250,BUS_1250,110,BUS_1250,1_org,1_ca,0
1251,BUS_1251,110,BUS_1251,1_org,1_ca,0
1252,BUS_1252,110,BUS_1252,1_org,1_ca,0
1253,BUS_1253,110,BUS_1253,1_org,1_ca,0
1254,BUS_1254,110,BUS_1254,1_org,1_ca,0
1255,BUS_1255,110,BUS_1255,1_org,1_ca,0
1256,BUS_1256,110,BUS_1256,1_org,1_ca,0
1257,BUS_1257,110,BUS_1257,1_org,1_ca,0
1258,BUS_1258,110,BUS_1258,1_org,1_ca,0
1259,BUS_1259,110,BUS_1259,1_org,1_ca,0
1260,BUS_1260,110,BUS_1260,1_org,1_ca,0
1261,BUS_1261,110,BUS_1261,1_org,1_ca,0
1262,BUS_1262,110,BUS_1262,1_org,1_ca,0
1263,BUS_1263,110,BUS_1263,1_org,1_ca,0
1264,BUS_1264,110,BUS_1264,1_org,1_ca,0
1265,BUS_1265,110,BUS_1265,1_org,1_ca,0
1266,BUS_1266,110,BUS_1266,1_org,1_ca,0
1267,BUS_1267,110,BUS_1267,1_org,1_ca,0
1268,BUS_1268,110,BUS_1268,1_org,1_ca,0
1269,BUS_1269,110,BUS_1269,1_org,1_ca,0
1270,BUS_1270,110,BUS_1270,1_org,1_ca,0
1271,BUS_1271,110,BUS_1271,1_org,1_ca,0
1272,BUS_1272,110,BUS_1272,1_org,1_ca,0
1273,BUS_1273,110,BUS_1273,1_org,1_ca,0
1274,BUS_1274,110,BUS_1274,1_org,1_ca,0
1275,BUS_1275,110,BUS_1275,1_org,1_ca,0
1276,BUS_1276,110,BUS_1276,1_org,1_ca,0
1277,BUS_1277,110,BUS_1277,1_org,1_ca,0
1278,BUS_1278,110,BUS_1278,1_org,1_ca,0
1279,BUS_1279,110,BUS_1279,1_org,1_ca,0
1280,BUS_1280,110,BUS_1280,1_org,1_ca,0
1281,BUS_1281,110,BUS_1281,1_org,1_ca,0
1282,BUS_1282,110,BUS_1282,1_org,1_ca,0
1283,BUS_1283,110,BUS_1283,1_org,1_ca,0
1284,BUS_1284,110,BUS_1284,1_org,1_ca,0
1285,BUS_1285,110,BUS_1285,1_org,1_ca,0
1286,BUS_1286,110,BUS_1286,1_org,1_ca,0
1287,BUS_1287,110,BUS_1287,1_org,1_ca,0
1288,BUS_1288,110,BUS_1288,1_org,1_ca,0
1289,BUS_1289,110,BUS_1289,1_org,1_ca,0
1290,BUS_1290,110,BUS_1290,1_org,1_ca,0
1291,BUS_1291,110,BUS_1291,1_org,1_ca,0
1292,BUS_1292,110,BUS_1292,1_org,1_ca,0
1293,BUS_1293,110,BUS_1293,1_org,1_ca,0
1294,BUS_1294,110,BUS_1294,1_org,1_ca,0
1295,BUS_1295,110,BUS_1295,1_org,1_ca,0
1296,BUS_1296,110,BUS_1296,1_org,1_ca,0
1297,BUS_1297,110,BUS_1297,1_org,1_ca,0
1298,BUS_1298,110,BUS_1298,1_org,1_ca,0
1299,BUS_1299,110,BUS_1299,1_org,1_ca,0
1300,BUS_1300,110,BUS_1300,1_org,1_ca,0
1301,BUS_1301,110,BUS_1301,1_org,1_ca,0
1302,BUS_1302,110,BUS_1302,1_org,1_ca,0
1303,BUS_1303,110,BUS_1303,1_org,1_ca,0
1304,BUS_1304,110,BUS_1304,1_org,1_ca,0
1305,BUS_1305,110,BUS_1305,1_org,1_ca,0
1306,BUS_1306,110,BUS_1306,1_org,1_ca,0
1307,BUS_1307,110,BUS_1307,1_org,1_ca,0
1308,BUS_1308,110,BUS_1308,1_org,1_ca,0
1309,BUS_1309,110,BUS_1309,1_org,1_ca,0
1310,BUS_1310,110,BUS_1310,1_org,1_ca,0
1311,BUS_1311,110,BUS_1311,1_org,1_ca,0
1312,BUS_1312,110,BUS_1312,1_org,1_ca,0
1313,BUS_1313,110,BUS_1313,1_org,1_ca,0
1314,BUS_1314,110,BUS_1314,1_org,1_ca,0
1315,BUS_1315,110,BUS_1315,1_org,1_ca,0
1316,BUS_1316,110,BUS_1316,1_org,1_ca,0
1317,BUS_1317,110,BUS_1317,1_org,1_ca,0
1318,BUS_1318,110,BUS_1318,1_org,1_ca,0
1319,BUS_1319,110,BUS_1319,1_org,1_ca,0
1320,BUS_1320,110,BUS_1320,1_org,1_ca,0
1321,BUS_1321,110,BUS_1321,1_org,1_ca,0
1322,BUS_1322,110,BUS_1322,1_org,1_ca,0
1323,BUS_1323,110,BUS_1323,1_org,1_ca,0
1324,BUS_1324,110,BUS_1324,1_org,1_ca,0
1325,BUS_1325,110,BUS_1325,1_org,1_ca,0
1326,BUS_1326,110,BUS_1326,1_org,1_ca,0
1327,BUS_1327,110,BUS_1327,1_org,1_ca,0
1328,BUS_1328,110,BUS_1328,1_org,1_ca,0
1329,BUS_1329,110,BUS_1329,1_org,1_ca,0
1330,BUS_1330,110,BUS_1330,1_org,1_ca,0
1331,BUS_1331,110,BUS_1331,1_org,1_ca,0
1332,BUS_1332,110,BUS_1332,1_org,1_ca,0
1333,BUS_1333,110,BUS_1333,1_org,1_ca,0
1334,BUS_1334,110,BUS_1334,1_org,1_ca,0
1335,BUS_1335,110,BUS_1335,1_org,1_ca,0
1336,BUS_1336,110,BUS_1336,1_org,1_ca,0
1337,BUS_1337,110,BUS_1337,1_org,1_ca,0
1338,BUS_1338,110,BUS_1338,1_org,1_ca,0
1339,BUS_1339,110,BUS_1339,1_org,1_ca,0
1340,BUS_1340,110,BUS_1340,1_org,1_ca,0
1341,BUS_1341,110,BUS_1341,1_org,1_ca,0
1342,BUS_1342,110,BUS_1342,1_org,1_ca,0
1343,BUS_1343,110,BUS_1343,1_org,1_ca,0
1344,BUS_1344,110,BUS_1344,1_org,1_ca,0
1345,BUS_1345,110,BUS_1345,1_org,1_ca,0
1346,BUS_1346,110,BUS_1346,1_org,1_ca,0
1347,BUS_1347,110,BUS_1347,1_org,1_ca,0
1348,BUS_1348,110,BUS_1348,1_org,1_ca,0
1349,BUS_1349,110,BUS_1349,1_org,1_ca,0
1350,BUS_1350,110,BUS_1350,1_org,1_ca,0
1351,BUS_1351,110,BUS_1351,1_org,1_ca,0
1352,BUS_1352,110,BUS_1352,1_org,1_ca,0
1353,BUS_1353,110,BUS_1353,1_org,1_ca,0
1354,BUS_1354,110,BUS_1354,1_org,1_ca,0
1355,BUS_1355,110,BUS_1355,1_org,1_ca,0
1356,BUS_1356,110,BUS_1356,1_org,1_ca,0
1357,BUS_1357,110,BUS_1357,1_org,1_ca,0
1358,BUS_1358,110,BUS_1358,1_org,1_ca,0
1359,BUS_1359,110,BUS_1359,1_org,1_ca,0
1360,BUS_1360,110,BUS_1360,1_org,1_ca,0
1361,BUS_1361,110,BUS_1361,1_org,1_ca,0
1362,BUS_1362,110,BUS_1362,1_org,1_ca,0
1363,BUS_1363,110,BUS_1363,1_org,1_ca,0
1364,BUS_1364,110,BUS_1364,1_org,1_ca,0
1365,BUS_1365,110,BUS_1365,1_org,1_ca,0
1366,BUS_1366,110,BUS_1366,1_org,1_ca,0
1367,BUS_1367,110,BUS_1367,1_org,1_ca,0
1368,BUS_1368,110,BUS_1368,1_org,1_ca,0
1369,BUS_1369,110,BUS_1369,1_org,1_ca,0
1370,BUS_1370,110,BUS_1370,1_org,1_ca,0
1371,BUS_1371,110,BUS_1371,1_org,1_ca,0
1372,BUS_1372,110,BUS_1372,1_org,1_ca,0
1373,BUS_1373,110,BUS_1373,1_org,1_ca,0
1374,BUS_1374,110,BUS_1374,1_org,1_ca,0
1375,BUS_1375,110,BUS_1375,1_org,1_ca,0
1376,BUS_1376,110,BUS_1376,1_org,1_ca,0
1377,BUS_1377,110,BUS_1377,1_org,1_ca,0
1378,BUS_1378,110,BUS_1378,1_org,1_ca,0
1379,BUS_1379,110,BUS_1379,1_org,1_ca,0
1380,BUS_1380,110,BUS_1380,1_org,1_ca,0
1381,BUS_1381,110,BUS_1381,1_org,1_ca,0
1382,BUS_1382,110,BUS_1382,1_org,1_ca,0
1383,BUS_1383,110,BUS_1383,1_org,1_ca,0
1384,BUS_1384,110,BUS_1384,1_org,1_ca,0
1385,BUS_1385,110,BUS_1385,1_org,1_ca,0
1386,BUS_1386,110,BUS_1386,1_org,1_ca,0
1387,BUS_1387,110,BUS_1387,1_org,1_ca,0
1388,BUS_1388,110,BUS_1388,1_org,1_ca,0
1389,BUS_1389,110,BUS_1389,1_org,1_ca,0
1390,BUS_1390,110,BUS_1390,1_org,1_ca,0
1391,BUS_1391,110,BUS_1391,1_org,1_ca,0
1392,BUS_1392,110,BUS_1392,1_org,1_ca,0
1393,BUS_1393,110,BUS_1393,1_org,1_ca,0
1394,BUS_1394,110,BUS_1394,1_org,1_ca,0
1395,BUS_1395,110,BUS_1395,1_org,1_ca,0
1396,BUS_1396,110,BUS_1396,1_org,1_ca,0
1397,BUS_1397,110,BUS_1397,1_org,1_ca,0
1398,BUS_1398,110,BUS_1398,1_org,1_ca,0
1399,BUS_1399,110,BUS_1399,1_org,1_ca,0
1400,BUS_1400,110,BUS_1400,1_org,1_ca,0
1401,BUS_1401,110,BUS_1401,1_org,1_ca,0
1402,BUS_1402,110,BUS_1402,1_org,1_ca,0
1403,BUS_1403,110,BUS_1403,1_org,1_ca,0
1404,BUS_1404,110,BUS_1404,1_org,1_ca,0
1405,BUS_1405,110,BUS_1405,1_org,1_ca,0
1406,BUS_1406,110,BUS_1406,1_org,1_ca,0
1407,BUS_1407,110,BUS_1407,1_org,1_ca,0
1408,BUS_1408,110,BUS_1408,1_org,1_ca,0
1409,BUS_1409,110,BUS_1409,1_org,1_ca,0
1410,BUS_1410,110,BUS_1410,1_org,1_ca,0
1411,BUS_1411,110,BUS_1411,1_org,1_ca,0
1412,BUS_1412,110,BUS_1412,1_org,1_ca,0
1413,BUS_1413,110,BUS_1413,1_org,1_ca,0
1414,BUS_1414,110,BUS_1414,1_org,1_ca,0
1415,BUS_1415,110,BUS_1415,1_org,1_ca,0
1416,BUS_1416,110,BUS_1416,1_org,1_ca,0
1417,BUS_1417,110,BUS_1417,1_org,1_ca,0
1418,BUS_1418,110,BUS_1418,1_org,1_ca,0
1419,BUS_1419,110,BUS_1419,1_org,1_ca,0
1420,BUS_1420,110,BUS_1420,1_org,1_ca,0
1421,BUS_1421,110,BUS_1421,1_org,1_ca,0
1422,BUS_1422,110,BUS_1422,1_org,1_ca,0
1423,BUS_1423,110,BUS_1423,1_org,1_ca,0
1424,BUS_1424,110,BUS_1424,1_org,1_ca,0
1425,BUS_1425,110,BUS_1425,1_org,1_ca,0
1426,BUS_1426,110,BUS_1426,1_org,1_ca,0
1427,BUS_1427,110,BUS_1427,1_org,1_ca,0
1428,BUS_1428,110,BUS_1428,1_org,1_ca,0
1429,BUS_1429,110,BUS_1429,1_org,1_ca,0
1430,BUS_1430,110,BUS_1430,1_org,1_ca,0
1431,BUS_1431,110,BUS_1431,1_org,1_ca,0
1432,BUS_1432,110,BUS_1432,1_org,1_ca,0
1433,BUS_1433,110,BUS_1433,1_org,1_ca,0
1434,BUS_1434,110,BUS_1434,1_org,1_ca,0
1435,BUS_1435,110,BUS_1435,1_org,1_ca,0
1436,BUS_1436,110,BUS_1436,1_org,1_ca,0
1437,BUS_1437,110,BUS_1437,1_org,1_ca,0
1438,BUS_1438,110,BUS_1438,1_org,1_ca,0
1439,BUS_1439,110,BUS_1439,1_org,1_ca,0
1440,BUS_1440,110,BUS_1440,1_org,1_ca,0
1441,BUS_1441,110,BUS_1441,1_org,1_ca,0
1442,BUS_1442,110,BUS_1442,1_org,1_ca,0
1443,BUS_1443,110,BUS_1443,1_org,1_ca,0
1444,BUS_1444,110,BUS_1444,1_org,1_ca,0
1445,BUS_1445,110,BUS_1445,1_org,1_ca,0
1446,BUS_1446,110,BUS_1446,1_org,1_ca,0
1447,BUS_1447,110,BUS_1447,1_org,1_ca,0
1448,BUS_1448,110,BUS_1448,1_org,1_ca,0
1449,BUS_1449,110,BUS_1449,1_org,1_ca,0
1450,BUS_1450,110,BUS_1450,1_org,1_ca,0
1451,BUS_1451,110,BUS_1451,1_org,1_ca,0
1452,BUS_1452,110,BUS_1452,1_org,1_ca,0
1453,BUS_1453,110,BUS_1453,1_org,1_ca,0
1454,BUS_1454,110,BUS_1454,1_org,1_ca,0
1455,BUS_1455,110,BUS_1455,1_org,1_ca,0
1456,BUS_1456,110,BUS_1456,1_org,1_ca,0
1457,BUS_1457,110,BUS_1457,1_org,1_ca,0
1458,BUS_1458,110,BUS_1458,1_org,1_ca,0
1459,BUS_1459,110,BUS_1459,1_org,1_ca,0
1460,BUS_1460,110,BUS_1460,1_org,1_ca,0
1461,BUS_1461,110,BUS_1461,1_org,1_ca,0
1462,BUS_1462,110,BUS_1462,1_org,1_ca,0
1463,BUS_1463,110,BUS_1463,1_org,1_ca,0
1464,BUS_1464,110,BUS_1464,1_org,1_ca,0
1465,BUS_1465,110,BUS_1465,1_org,1_ca,0
1466,BUS_1466,110,BUS_1466,1_org,1_ca,0
1467,BUS_1467,110,BUS_1467,1_org,1_ca,0
1468,BUS_1468,110,BUS_1468,1_org,1_ca,0
1469,BUS_1469,110,BUS_1469,1_org,1_ca,0
1470,BUS_1470,110,BUS_1470,1_org,1_ca,0
1471,BUS_1471,110,BUS_1471,1_org,1_ca,0
1472,BUS_1472,110,BUS_1472,1_org,1_ca,0
1473,BUS_1473,110,BUS_1473,1_org,1_ca,0
1474,BUS_1474,110,BUS_1474,1_org,1_ca,0
1475,BUS_1475,110,BUS_1475,1_org,1_ca,0
1476,BUS_1476,110,BUS_1476,1_org,1_ca,0
1477,BUS_1477,110,BUS_1477,1_org,1_ca,0
1478,BUS_1478,110,BUS_1478,1_org,1_ca,0
1479,BUS_1479,110,BUS_1479,1_org,1_ca,0
1480,BUS_1480,110,BUS_1480,1_org,1_ca,0
1481,BUS_1481,110,BUS_1481,1_org,1_ca,0
1482,BUS_1482,110,BUS_1482,1_org,1_ca,0
1483,BUS_1483,110,BUS_1483,1_org,1_ca,0
1484,BUS_1484,110,BUS_1484,1_org,1_ca,0
1485,BUS_1485,110,BUS_1485,1_org,1_ca,0
1486,BUS_1486,110,BUS_1486,1_org,1_ca,0
1487,BUS_1487,110,BUS_1487,1_org,1_ca,0
1488,BUS_1488,110,BUS_1488,1_org,1_ca,0
1489,BUS_1489,110,BUS_1489,1_org,1_ca,0
1490,BUS_1490,110,BUS_1490,1_org,1_ca,0
1491,BUS_1491,110,BUS_1491,1_org,1_ca,0
1492,BUS_1492,110,BUS_1492,1_org,1_ca,0
1493,BUS_1493,110,BUS_1493,1_org,1_ca,0
1494,BUS_1494,110,BUS_1494,1_org,1_ca,0
1495,BUS_1495,110,BUS_1495,1_org,1_ca,0
1496,BUS_1496,110,BUS_1496,1_org,1_ca,0
1497,BUS_1497,110,BUS_1497,1_org,1_ca,0
1498,BUS_1498,110,BUS_1498,1_org,1_ca,0
1499,BUS_1499,110,BUS_1499,1_org,1_ca,0
1500,BUS_1500,110,BUS_1500,1_org,1_ca,0
1501,BUS_1501,110,BUS_1501,1_org,1_ca,0
1502,BUS_1502,110,BUS_1502,1_org,1_ca,0
1503,BUS_1503,110,BUS_1503,1_org,1_ca,0
1504,BUS_1504,110,BUS_1504,1_org,1_ca,0
1505,BUS_1505,110,BUS_1505,1_org,1_ca,0
1506,BUS_1506,110,BUS_1506,1_org,1_ca,0
1507,BUS_1507,110,BUS_1507,1_org,1_ca,0
1508,BUS_1508,110,BUS_1508,1_org,1_ca,0
1509,BUS_1509,110,BUS_1509,1_org,1_ca,0
1510,BUS_1510,110,BUS_1510,1_org,1_ca,0
1511,BUS_1511,110,BUS_1511,1_org,1_ca,0
1512,BUS_1512,110,BUS_1512,1_org,1_ca,0
1513,BUS_1513,110,BUS_1513,1_org,1_ca,0
1514,BUS_1514,110,BUS_1514,1_org,1_ca,0
1515,BUS_1515,110,BUS_1515,1_org,1_ca,0
1516,BUS_1516,110,BUS_1516,1_org,1_ca,0
1517,BUS_1517,110,BUS_1517,1_org,1_ca,0
1518,BUS_1518,110,BUS_1518,1_org,1_ca,0
1519,BUS_1519,110,BUS_1519,1_org,1_ca,0
1520,BUS_1520,110,BUS_1520,1_org,1_ca,0
1521,BUS_1521,110,BUS_1521,1_org,1_ca,0
1522,BUS_1522,110,BUS_1522,1_org,1_ca,0
1523,BUS_1523,110,BUS_1523,1_org,1_ca,0
1524,BUS_1524,110,BUS_1524,1_org,1_ca,0
1525,BUS_1525,110,BUS_1525,1_org,1_ca,0
1526,BUS_1526,110,BUS_1526,1_org,1_ca,0
1527,BUS_1527,110,BUS_1527,1_org,1_ca,0
1528,BUS_1528,110,BUS_1528,1_org,1_ca,0
1529,BUS_1529,110,BUS_1529,1_org,1_ca,0
1530,BUS_1530,110,BUS_1530,1_org,1_ca,0
1531,BUS_1531,110,BUS_1531,1_org,1_ca,0
1532,BUS_1532,110,BUS_1532,1_org,1_ca,0
1533,BUS_1533,110,BUS_1533,1_org,1_ca,0
1534,BUS_1534,110,BUS_1534,1_org,1_ca,0
1535,BUS_1535,110,BUS_1535,1_org,1_ca,0
1536,BUS_1536,110,BUS_1536,1_org,1_ca,0
1537,BUS_1537,110,BUS_1537,1_org,1_ca,0
1538,BUS_1538,110,BUS_1538,1_org,1_ca,0
1539,BUS_1539,110,BUS_1539,1_org,1_ca,0
1540,BUS_1540,110,BUS_1540,1_org,1_ca,0
1541,BUS_1541,110,BUS_1541,1_org,1_ca,0
1542,BUS_1542,110,BUS_1542,1_org,1_ca,0
1543,BUS_1543,110,BUS_1543,1_org,1_ca,0
1544,BUS_1544,110,BUS_1544,1_org,1_ca,0
1545,BUS_1545,110,BUS_1545,1_org,1_ca,0
1546,BUS_1546,110,BUS_1546,1_org,1_ca,0
1547,BUS_1547,110,BUS_1547,1_org,1_ca,0
1548,BUS_1548,110,BUS_1548,1_org,1_ca,0
1549,BUS_1549,110,BUS_1549,1_org,1_ca,0
1550,BUS_1550,110,BUS_1550,1_org,1_ca,0
1551,BUS_1551,110,BUS_1551,1_org,1_ca,0
1552,BUS_1552,110,BUS_1552,1_org,1_ca,0
1553,BUS_1553,110,BUS_1553,1_org,1_ca,0
1554,BUS_1554,110,BUS_1554,1_org,1_ca,0
1555,BUS_1555,110,BUS_1555,1_org,1_ca,0
1556,BUS_1556,110,BUS_1556,1_org,1_ca,0
1557,BUS_1557,110,BUS_1557,1_org,1_ca,0
1558,BUS_1558,110,BUS_1558,1_org,1_ca,0
1559,BUS_1559,110,BUS_1559,1_org,1_ca,0
1560,BUS_1560,110,BUS_1560,1_org,1_ca,0
1561,BUS_1561,110,BUS_1561,1_org,1_ca,0
1562,BUS_1562,110,BUS_1562,1_org,1_ca,0
1563,BUS_1563,110,BUS_1563,1_org,1_ca,0
1564,BUS_1564,110,BUS_1564,1_org,1_ca,0
1565,BUS_1565,110,BUS_1565,1_org,1_ca,0
1566,BUS_1566,110,BUS_1566,1_org,1_ca,0
1567,BUS_1567,110,BUS_1567,1_org,1_ca,0
1568,BUS_1568,110,BUS_1568,1_org,1_ca,0
1569,BUS_1569,110,BUS_1569,1_org,1_ca,0
1570,BUS_1570,110,BUS_1570,1_org,1_ca,0
1571,BUS_1571,110,BUS_1571,1_org,1_ca,0
1572,BUS_1572,110,BUS_1572,1_org,1_ca,0
1573,BUS_1573,110,BUS_1573,1_org,1_ca,0
1574,BUS_1574,110,BUS_1574,1_org,1_ca,0
1575,BUS_1575,110,BUS_1575,1_org,1_ca,0
1576,BUS_1576,110,BUS_1576,1_org,1_ca,0
1577,BUS_1577,110,BUS_1577,1_org,1_ca,0
1578,BUS_1578,110,BUS_1578,1_org,1_ca,0
1579,BUS_1579,110,BUS_1579,1_org,1_ca,0
1580,BUS_1580,110,BUS_1580,1_org,1_ca,0
1581,BUS_1581,110,BUS_1581,1_org,1_ca,0
1582,BUS_1582,110,BUS_1582,1_org,1_ca,0
1583,BUS_1583,110,BUS_1583,1_org,1_ca,0
1584,BUS_1584,110,BUS_1584,1_org,1_ca,0
1585,BUS_1585,110,BUS_1585,1_org,1_ca,0
1586,BUS_1586,110,BUS_1586,1_org,1_ca,0
1587,BUS_1587,110,BUS_1587,1_org,1_ca,0
1588,BUS_1588,110,BUS_1588,1_org,1_ca,0
1589,BUS_1589,110,BUS_1589,1_org,1_ca,0
1590,BUS_1590,110,BUS_1590,1_org,1_ca,0
1591,BUS_1591,110,BUS_1591,1_org,1_ca,0
1592,BUS_1592,110,BUS_1592,1_org,1_ca,0
1593,BUS_1593,110,BUS_1593,1_org,1_ca,0
1594,BUS_1594,110,BUS_1594,1_org,1_ca,0
1595,BUS_1595,110,BUS_1595,1_org,1_ca,0
1596,BUS_1596,110,BUS_1596,1_org,1_ca,0
1597,BUS_1597,110,BUS_1597,1_org,1_ca,0
1598,BUS_1598,110,BUS_1598,1_org,1_ca,0
1599,BUS_1599,110,BUS_1599,1_org,1_ca,0
1600,BUS_1600,110,BUS_1600,1_org,1_ca,0
1601,BUS_1601,110,BUS_1601,1_org,1_ca,0
1602,BUS_1602,110,BUS_1602,1_org,1_ca,0
1603,BUS_1603,110,BUS_1603,1_org,1_ca,0
1604,BUS_1604,110,BUS_1604,1_org,1_ca,0
1605,BUS_1605,110,BUS_1605,1_org,1_ca,0
1606,BUS_1606,110,BUS_1606,1_org,1_ca,0
1607,BUS_1607,110,BUS_1607,1_org,1_ca,0
1608,BUS_1608,110,BUS_1608,1_org,1_ca,0
1609,BUS_1609,110,BUS_1609,1_org,1_ca,0
1610,BUS_1610,110,BUS_1610,1_org,1_ca,0
1611,BUS_1611,110,BUS_1611,1_org,1_ca,0
1612,BUS_1612,110,BUS_1612,1_org,1_ca,0
1613,BUS_1613,110,BUS_1613,1_org,1_ca,0
1614,BUS_1614,110,BUS_1614,1_org,1_ca,0
1615,BUS_1615,110,BUS_1615,1_org,1_ca,0
1616,BUS_1616,110,BUS_1616,1_org,1_ca,0
1617,BUS_1617,110,BUS_1617,1_org,1_ca,0
1618,BUS_1618,110,BUS_1618,1_org,1_ca,0
1619,BUS_1619,110,BUS_1619,1_org,1_ca,0
1620,BUS_1620,110,BUS_1620,1_org,1_ca,0
1621,BUS_1621,110,BUS_1621,1_org,1_ca,0
1622,BUS_1622,110,BUS_1622,1_org,1_ca,0
1623,BUS_1623,110,BUS_1623,1_org,1_ca,0
1624,BUS_1624,110,BUS_1624,1_org,1_ca,0
1625,BUS_1625,110,BUS_1625,1_org,1_ca,0
1626,BUS_1626,110,BUS_1626,1_org,1_ca,0
1627,BUS_1627,110,BUS_1627,1_org,1_ca,0
1628,BUS_1628,110,BUS_1628,1_org,1_ca,0
1629,BUS_1629,110,BUS_1629,1_org,1_ca,0
1630,BUS_1630,110,BUS_1630,1_org,1_ca,0
1631,BUS_1631,110,BUS_1631,1_org,1_ca,0
1632,BUS_1632,110,BUS_1632,1_org,1_ca,0
1633,BUS_1633,110,BUS_1633,1_org,1_ca,0
1634,BUS_1634,110,BUS_1634,1_org,1_ca,0
1635,BUS_1635,110,BUS_1635,1_org,1_ca,0
1636,BUS_1636,110,BUS_1636,1_org,1_ca,0
1637,BUS_1637,110,BUS_1637,1_org,1_ca,0
1638,BUS_1638,110,BUS_1638,1_org,1_ca,0
1639,BUS_1639,110,BUS_1639,1_org,1_ca,0
1640,BUS_1640,110,BUS_1640,1_org,1_ca,0
1641,BUS_1641,110,BUS_1641,1_org,1_ca,0
1642,BUS_1642,110,BUS_1642,1_org,1_ca,0
1643,BUS_1643,110,BUS_1643,1_org,1_ca,0
1644,BUS_1644,110,BUS_1644,1_org,1_ca,0
1645,BUS_1645,110,BUS_1645,1_org,1_ca,0
1646,BUS_1646,110,BUS_1646,1_org,1_ca,0
1647,BUS_1647,110,BUS_1647,1_org,1_ca,0
1648,BUS_1648,110,BUS_1648,1_org,1_ca,0
1649,BUS_1649,110,BUS_1649,1_org,1_ca,0
1650,BUS_1650,110,BUS_1650,1_org,1_ca,0
1651,BUS_1651,110,BUS_1651,1_org,1_ca,0
1652,BUS_1652,110,BUS_1652,1_org,1_ca,0
1653,BUS_1653,110,BUS_1653,1_org,1_ca,0
1654,BUS_1654,110,BUS_1654,1_org,1_ca,0
1655,BUS_1655,110,BUS_1655,1_org,1_ca,0
1656,BUS_1656,110,BUS_1656,1_org,1_ca,0
1657,BUS_1657,110,BUS_1657,1_org,1_ca,0
1658,BUS_1658,110,BUS_1658,1_org,1_ca,0
1659,BUS_1659,110,BUS_1659,1_org,1_ca,0
1660,BUS_1660,110,BUS_1660,1_org,1_ca,0
1661,BUS_1661,110,BUS_1661,1_org,1_ca,0
1662,BUS_1662,110,BUS_1662,1_org,1_ca,0
1663,BUS_1663,110,BUS_1663,1_org,1_ca,0
1664,BUS_1664,110,BUS_1664,1_org,1_ca,0
1665,BUS_1665,110,BUS_1665,1_org,1_ca,0
1666,BUS_1666,110,BUS_1666,1_org,1_ca,0
1667,BUS_1667,110,BUS_1667,1_org,1_ca,0
1668,BUS_1668,110,BUS_1668,1_org,1_ca,0
1669,BUS_1669,110,BUS_1669,1_org,1_ca,0
1670,BUS_1670,110,BUS_1670,1_org,1_ca,0
1671,BUS_1671,110,BUS_1671,1_org,1_ca,0
1672,BUS_1672,110,BUS_1672,1_org,1_ca,0
1673,BUS_1673,110,BUS_1673,1_org,1_ca,0
1674,BUS_1674,110,BUS_1674,1_org,1_ca,0
1675,BUS_1675,110,BUS_1675,1_org,1_ca,0
1676,BUS_1676,110,BUS_1676,1_org,1_ca,0
1677,BUS_1677,110,BUS_1677,1_org,1_ca,0
1678,BUS_1678,110,BUS_1678,1_org,1_ca,0
1679,BUS_1679,110,BUS_1679,1_org,1_ca,0
1680,BUS_1680,110,BUS_1680,1_org,1_ca,0
1681,BUS_1681,110,BUS_1681,1_org,1_ca,0
1682,BUS_1682,110,BUS_1682,1_org,1_ca,0
1683,BUS_1683,110,BUS_1683,1_org,1_ca,0
1684,BUS_1684,110,BUS_1684,1_org,1_ca,0
1685,BUS_1685,110,BUS_1685,1_org,1_ca,0
1686,BUS_1686,110,BUS_1686,1_org,1_ca,0
1687,BUS_1687,110,BUS_1687,1_org,1_ca,0
1688,BUS_1688,110,BUS_1688,1_org,1_ca,0
1689,BUS_1689,110,BUS_1689,1_org,1_ca,0
1690,BUS_1690,110,BUS_1690,1_org,1_ca,0
1691,BUS_1691,110,BUS_1691,1_org,1_ca,0
1692,BUS_1692,110,BUS_1692,1_org,1_ca,0
1693,BUS_1693,110,BUS_1693,1_org,1_ca,0
1694,BUS_1694,110,BUS_1694,1_org,1_ca,0
1695,BUS_1695,110,BUS_1695,1_org,1_ca,0
1696,BUS_1696,110,BUS_1696,1_org,1_ca,0
1697,BUS_1697,110,BUS_1697,1_org,1_ca,0
1698,BUS_1698,110,BUS_1698,1_org,1_ca,0
1699,BUS_1699,110,BUS_1699,1_org,1_ca,0
1700,BUS_1700,110,BUS_1700,1_org,1_ca,0
1701,BUS_1701,110,BUS_1701,1_org,1_ca,0
1702,BUS_1702,110,BUS_1702,1_org,1_ca,0
1703,BUS_1703,110,BUS_1703,1_org,1_ca,0
1704,BUS_1704,110,BUS_1704,1_org,1_ca,0
1705,BUS_1705,110,BUS_1705,1_org,1_ca,0
1706,BUS_1706,110,BUS_1706,1_org,1_ca,0
1707,BUS_1707,110,BUS_1707,1_org,1_ca,0
1708,BUS_1708,110,BUS_1708,1_org,1_ca,0
1709,BUS_1709,110,BUS_1709,1_org,1_ca,0
1710,BUS_1710,110,BUS_1710,1_org,1_ca,0
1711,BUS_1711,110,BUS_1711,1_org,1_ca,0
1712,BUS_1712,110,BUS_1712,1_org,1_ca,0
1713,BUS_1713,110,BUS_1713,1_org,1_ca,0
1714,BUS_1714,110,BUS_1714,1_org,1_ca,0
1715,BUS_1715,110,BUS_1715,1_org,1_ca,0
1716,BUS_1716,110,BUS_1716,1_org,1_ca,0
1717,BUS_1717,110,BUS_1717,1_org,1_ca,0
1718,BUS_1718,110,BUS_1718,1_org,1_ca,0
1719,BUS_1719,110,BUS_1719,1_org,1_ca,0
1720,BUS_1720,110,BUS_1720,1_org,1_ca,0
1721,BUS_1721,110,BUS_1721,1_org,1_ca,0
1722,BUS_1722,110,BUS_1722,1_org,1_ca,0
1723,BUS_1723,110,BUS_1723,1_org,1_ca,0
1724,BUS_1724,110,BUS_1724,1_org,1_ca,0
1725,BUS_1725,110,BUS_1725,1_org,1_ca,0
1726,BUS_1726,110,BUS_1726,1_org,1_ca,0
1727,BUS_1727,110,BUS_1727,1_org,1_ca,0
1728,BUS_1728,110,BUS_1728,1_org,1_ca,0
1729,BUS_1729,110,BUS_1729,1_org,1_ca,0
1730,BUS_1730,110,BUS_1730,1_org,1_ca,0
1731,BUS_1731,110,BUS_1731,1_org,1_ca,0
1732,BUS_1732,110,BUS_1732,1_org,1_ca,0
1733,BUS_1733,110,BUS_1733,1_org,1_ca,0
1734,BUS_1734,110,BUS_1734,1_org,1_ca,0
1735,BUS_1735,110,BUS_1735,1_org,1_ca,0
1736,BUS_1736,110,BUS_1736,1_org,1_ca,0
1737,BUS_1737,110,BUS_1737,1_org,1_ca,0
1738,BUS_1738,110,BUS_1738,1_org,1_ca,0
1739,BUS_1739,110,BUS_1739,1_org,1_ca,0
1740,BUS_1740,110,BUS_1740,1_org,1_ca,0
1741,BUS_1741,110,BUS_1741,1_org,1_ca,0
1742,BUS_1742,110,BUS_1742,1_org,1_ca,0
1743,BUS_1743,110,BUS_1743,1_org,1_ca,0
1744,BUS_1744,110,BUS_1744,1_org,1_ca,0
1745,BUS_1745,110,BUS_1745,1_org,1_ca,0
1746,BUS_1746,110,BUS_1746,1_org,1_ca,0
1747,BUS_1747,110,BUS_1747,1_org,1_ca,0
1748,BUS_1748,110,BUS_1748,1_org,1_ca,0
1749,BUS_1749,110,BUS_1749,1_org,1_ca,0
1750,BUS_1750,110,BUS_1750,1_org,1_ca,0
1751,BUS_1751,110,BUS_1751,1_org,1_ca,0
1752,BUS_1752,110,BUS_1752,1_org,1_ca,0
1753,BUS_1753,110,BUS_1753,1_org,1_ca,0
1754,BUS_1754,110,BUS_1754,1_org,1_ca,0
1755,BUS_1755,110,BUS_1755,1_org,1_ca,0
1756,BUS_1756,110,BUS_1756,1_org,1_ca,0
1757,BUS_1757,110,BUS_1757,1_org,1_ca,0
1758,BUS_1758,110,BUS_1758,1_org,1_ca,0
1759,BUS_1759,110,BUS_1759,1_org,1_ca,0
1760,BUS_1760,110,BUS_1760,1_org,1_ca,0
1761,BUS_1761,110,BUS_1761,1_org,1_ca,0
1762,BUS_1762,110,BUS_1762,1_org,1_ca,0
1763,BUS_1763,15,BUS_1763,1_org,1_ca,0
1764,BUS_1764,15,BUS_1764,1_org,1_ca,0
1765,BUS_1765,110,BUS_1765,1_org,1_ca,0
1766,BUS_1766,110,BUS_1766,1_org,1_ca,0
1767,BUS_1767,110,BUS_1767,1_org,1_ca,0
1768,BUS_1768,110,BUS_1768,1_org,1_ca,0
1769,BUS_1769,110,BUS_1769,1_org,1_ca,0
1770,BUS_1770,110,BUS_1770,1_org,1_ca,0
1771,BUS_1771,110,BUS_1771,1_org,1_ca,0
1772,BUS_1772,110,BUS_1772,1_org,1_ca,0
1773,BUS_1773,110,BUS_1773,1_org,1_ca,0
1774,BUS_1774,110,BUS_1774,1_org,1_ca,0
1775,BUS_1775,110,BUS_1775,1_org,1_ca,0
1776,BUS_1776,110,BUS_1776,1_org,1_ca,0
1777,BUS_1777,110,BUS_1777,1_org,1_ca,0
1778,BUS_1778,110,BUS_1778,1_org,1_ca,0
1779,BUS_1779,110,BUS_1779,1_org,1_ca,0
1780,BUS_1780,110,BUS_1780,1_org,1_ca,0
1781,BUS_1781,110,BUS_1781,1_org,1_ca,0
1782,BUS_1782,110,BUS_1782,1_org,1_ca,0
1783,BUS_1783,110,BUS_1783,1_org,1_ca,0
1784,BUS_1784,110,BUS_1784,1_org,1_ca,0
1785,BUS_1785,110,BUS_1785,1_org,1_ca,0
1786,BUS_1786,110,BUS_1786,1_org,1_ca,0
1787,BUS_1787,110,BUS_1787,1_org,1_ca,0
1788,BUS_1788,110,BUS_1788,1_org,1_ca,0
1789,BUS_1789,110,BUS_1789,1_org,1_ca,0
1790,BUS_1790,110,BUS_1790,1_org,1_ca,0
1791,BUS_1791,110,BUS_1791,1_org,1_ca,0
1792,BUS_1792,110,BUS_1792,1_org,1_ca,0
1793,BUS_1793,110,BUS_1793,1_org,1_ca,0
1794,BUS_1794,110,BUS_1794,1_org,1_ca,0
1795,BUS_1795,110,BUS_1795,1_org,1_ca,0
1796,BUS_1796,110,BUS_1796,1_org,1_ca,0
1797,BUS_1797,110,BUS_1797,1_org,1_ca,0
1798,BUS_1798,110,BUS_1798,1_org,1_ca,0
1799,BUS_1799,110,BUS_1799,1_org,1_ca,0
1800,BUS_1800,110,BUS_1800,1_org,1_ca,0
1801,BUS_1801,110,BUS_1801,1_org,1_ca,0
1802,BUS_1802,110,BUS_1802,1_org,1_ca,0
1803,BUS_1803,110,BUS_1803,1_org,1_ca,0
1804,BUS_1804,110,BUS_1804,1_org,1_ca,0
1805,BUS_1805,110,BUS_1805,1_org,1_ca,0
1806,BUS_1806,110,BUS_1806,1_org,1_ca,0
1807,BUS_1807,110,BUS_1807,1_org,1_ca,0
1808,BUS_1808,110,BUS_1808,1_org,1_ca,0
1809,BUS_1809,110,BUS_1809,1_org,1_ca,0
1810,BUS_1810,110,BUS_1810,1_org,1_ca,0
1811,BUS_1811,110,BUS_1811,1_org,1_ca,0
1812,BUS_1812,110,BUS_1812,1_org,1_ca,0
1813,BUS_1813,110,BUS_1813,1_org,1_ca,0
1814,BUS_1814,110,BUS_1814,1_org,1_ca,0
1815,BUS_1815,110,BUS_1815,1_org,1_ca,0
1816,BUS_1816,110,BUS_1816,1_org,1_ca,0
1817,BUS_1817,110,BUS_1817,1_org,1_ca,0
1818,BUS_1818,110,BUS_1818,1_org,1_ca,0
1819,BUS_1819,110,BUS_1819,1_org,1_ca,0
1820,BUS_1820,110,BUS_1820,1_org,1_ca,0
1821,BUS_1821,110,BUS_1821,1_org,1_ca,0
1822,BUS_1822,110,BUS_1822,1_org,1_ca,0
1823,BUS_1823,110,BUS_1823,1_org,1_ca,0
1824,BUS_1824,110,BUS_1824,1_org,1_ca,0
1825,BUS_1825,110,BUS_1825,1_org,1_ca,0
1826,BUS_1826,110,BUS_1826,1_org,1_ca,0
1827,BUS_1827,110,BUS_1827,1_org,1_ca,0
1828,BUS_1828,110,BUS_1828,1_org,1_ca,0
1829,BUS_1829,110,BUS_1829,1_org,1_ca,0
1830,BUS_1830,110,BUS_1830,1_org,1_ca,0
1831,BUS_1831,110,BUS_1831,1_org,1_ca,0
1832,BUS_1832,110,BUS_1832,1_org,1_ca,0
1833,BUS_1833,110,BUS_1833,1_org,1_ca,0
1834,BUS_1834,110,BUS_1834,1_org,1_ca,0
1835,BUS_1835,110,BUS_1835,1_org,1_ca,0
1836,BUS_1836,110,BUS_1836,1_org,1_ca,0
1837,BUS_1837,110,BUS_1837,1_org,1_ca,0
1838,BUS_1838,110,BUS_1838,1_org,1_ca,0
1839,BUS_1839,110,BUS_1839,1_org,1_ca,0
1840,BUS_1840,110,BUS_1840,1_org,1_ca,0
1841,BUS_1841,110,BUS_1841,1_org,1_ca,0
1842,BUS_1842,110,BUS_1842,1_org,1_ca,0
1843,BUS_1843,110,BUS_1843,1_org,1_ca,0
1844,BUS_1844,110,BUS_1844,1_org,1_ca,0
1845,BUS_1845,110,BUS_1845,1_org,1_ca,0
1846,BUS_1846,110,BUS_1846,1_org,1_ca,0
1847,BUS_1847,110,BUS_1847,1_org,1_ca,0
1848,BUS_1848,110,BUS_1848,1_org,1_ca,0
1849,BUS_1849,110,BUS_1849,1_org,1_ca,0
1850,BUS_1850,110,BUS_1850,1_org,1_ca,0
1851,BUS_1851,110,BUS_1851,1_org,1_ca,0
1852,BUS_1852,110,BUS_1852,1_org,1_ca,0
1853,BUS_1853,110,BUS_1853,1_org,1_ca,0
1854,BUS_1854,110,BUS_1854,1_org,1_ca,0
1855,BUS_1855,110,BUS_1855,1_org,1_ca,0
1856,BUS_1856,110,BUS_1856,1_org,1_ca,0
1857,BUS_1857,110,BUS_1857,1_org,1_ca,0
1858,BUS_1858,110,BUS_1858,1_org,1_ca,0
1859,BUS_1859,110,BUS_1859,1_org,1_ca,0
1860,BUS_1860,110,BUS_1860,1_org,1_ca,0
1861,BUS_1861,110,BUS_1861,1_org,1_ca,0
1862,BUS_1862,110,BUS_1862,1_org,1_ca,0
1863,BUS_1863,110,BUS_1863,1_org,1_ca,0
1864,BUS_1864,110,BUS_1864,1_org,1_ca,0
1865,BUS_1865,110,BUS_1865,1_org,1_ca,0
1866,BUS_1866,110,BUS_1866,1_org,1_ca,0
1867,BUS_1867,110,BUS_1867,1_org,1_ca,0
1868,BUS_1868,110,BUS_1868,1_org,1_ca,0
1869,BUS_1869,110,BUS_1869,1_org,1_ca,0
1870,BUS_1870,110,BUS_1870,1_org,1_ca,0
1871,BUS_1871,110,BUS_1871,1_org,1_ca,0
1872,BUS_1872,110,BUS_1872,1_org,1_ca,0
1873,BUS_1873,110,BUS_1873,1_org,1_ca,0
1874,BUS_1874,110,BUS_1874,1_org,1_ca,0
1875,BUS_1875,110,BUS_1875,1_org,1_ca,0
1876,BUS_1876,110,BUS_1876,1_org,1_ca,0
1877,BUS_1877,110,BUS_1877,1_org,1_ca,0
1878,BUS_1878,110,BUS_1878,1_org,1_ca,0
1879,BUS_1879,110,BUS_1879,1_org,1_ca,0
1880,BUS_1880,110,BUS_1880,1_org,1_ca,0
1881,BUS_1881,110,BUS_1881,1_org,1_ca,0
1882,BUS_1882,110,BUS_1882,1_org,1_ca,0
1883,BUS_1883,110,BUS_1883,1_org,1_ca,0
1884,BUS_1884,110,BUS_1884,1_org,1_ca,0
1885,BUS_1885,110,BUS_1885,1_org,1_ca,0
1886,BUS_1886,110,BUS_1886,1_org,1_ca,0
1887,BUS_1887,110,BUS_1887,1_org,1_ca,0
1888,BUS_1888,110,BUS_1888,1_org,1_ca,0
1889,BUS_1889,110,BUS_1889,1_org,1_ca,0
1890,BUS_1890,110,BUS_1890,1_org,1_ca,0
1891,BUS_1891,110,BUS_1891,1_org,1_ca,0
1892,BUS_1892,110,BUS_1892,1_org,1_ca,0
1893,BUS_1893,110,BUS_1893,1_org,1_ca,0
1894,BUS_1894,110,BUS_1894,1_org,1_ca,0
1895,BUS_1895,110,BUS_1895,1_org,1_ca,0
1896,BUS_1896,110,BUS_1896,1_org,1_ca,0
1897,BUS_1897,110,BUS_1897,1_org,1_ca,0
1898,BUS_1898,110,BUS_1898,1_org,1_ca,0
1899,BUS_1899,110,BUS_1899,1_org,1_ca,0
1900,BUS_1900,110,BUS_1900,1_org,1_ca,0
1901,BUS_1901,110,BUS_1901,1_org,1_ca,0
1902,BUS_1902,110,BUS_1902,1_org,1_ca,0
1903,BUS_1903,110,BUS_1903,1_org,1_ca,0
1904,BUS_1904,110,BUS_1904,1_org,1_ca,0
1905,BUS_1905,110,BUS_1905,1_org,1_ca,0
1906,BUS_1906,110,BUS_1906,1_org,1_ca,0
1907,BUS_1907,110,BUS_1907,1_org,1_ca,0
1908,BUS_1908,110,BUS_1908,1_org,1_ca,0
1909,BUS_1909,110,BUS_1909,1_org,1_ca,0
1910,BUS_1910,110,BUS_1910,1_org,1_ca,0
1911,BUS_1911,110,BUS_1911,1_org,1_ca,0
1912,BUS_1912,110,BUS_1912,1_org,1_ca,0
1913,BUS_1913,110,BUS_1913,1_org,1_ca,0
1914,BUS_1914,110,BUS_1914,1_org,1_ca,0
1915,BUS_1915,110,BUS_1915,1_org,1_ca,0
1916,BUS_1916,110,BUS_1916,1_org,1_ca,0
1917,BUS_1917,110,BUS_1917,1_org,1_ca,0
1918,BUS_1918,110,BUS_1918,1_org,1_ca,0
1919,BUS_1919,110,BUS_1919,1_org,1_ca,0
1920,BUS_1920,110,BUS_1920,1_org,1_ca,0
1921,BUS_1921,110,BUS_1921,1_org,1_ca,0
1922,BUS_1922,110,BUS_1922,1_org,1_ca,0
1923,BUS_1923,110,BUS_1923,1_org,1_ca,0
1924,BUS_1924,110,BUS_1924,1_org,1_ca,0
1925,BUS_1925,110,BUS_1925,1_org,1_ca,0
1926,BUS_1926,110,BUS_1926,1_org,1_ca,0
1927,BUS_1927,110,BUS_1927,1_org,1_ca,0
1928,BUS_1928,110,BUS_1928,1_org,1_ca,0
1929,BUS_1929,110,BUS_1929,1_org,1_ca,0
1930,BUS_1930,110,BUS_1930,1_org,1_ca,0
1931,BUS_1931,110,BUS_1931,1_org,1_ca,0
1932,BUS_1932,110,BUS_1932,1_org,1_ca,0
1933,BUS_1933,110,BUS_1933,1_org,1_ca,0
1934,BUS_1934,110,BUS_1934,1_org,1_ca,0
1935,BUS_1935,110,BUS_1935,1_org,1_ca,0
1936,BUS_1936,110,BUS_1936,1_org,1_ca,0
1937,BUS_1937,110,BUS_1937,1_org,1_ca,0
1938,BUS_1938,110,BUS_1938,1_org,1_ca,0
1939,BUS_1939,110,BUS_1939,1_org,1_ca,0
1940,BUS_1940,110,BUS_1940,1_org,1_ca,0
1941,BUS_1941,110,BUS_1941,1_org,1_ca,0
1942,BUS_1942,110,BUS_1942,1_org,1_ca,0
1943,BUS_1943,110,BUS_1943,1_org,1_ca,0
1944,BUS_1944,110,BUS_1944,1_org,1_ca,0
1945,BUS_1945,110,BUS_1945,1_org,1_ca,0
1946,BUS_1946,110,BUS_1946,1_org,1_ca,0
1947,BUS_1947,110,BUS_1947,1_org,1_ca,0
1948,BUS_1948,110,BUS_1948,1_org,1_ca,0
1949,BUS_1949,110,BUS_1949,1_org,1_ca,0
1950,BUS_1950,110,BUS_1950,1_org,1_ca,0
1951,BUS_1951,110,BUS_1951,1_org,1_ca,0
1952,BUS_1952,110,BUS_1952,1_org,1_ca,0
1953,BUS_1953,110,BUS_1953,1_org,1_ca,0
1954,BUS_1954,110,BUS_1954,1_org,1_ca,0
1955,BUS_1955,110,BUS_1955,1_org,1_ca,0
1956,BUS_1956,110,BUS_1956,1_org,1_ca,0
1957,BUS_1957,110,BUS_1957,1_org,1_ca,0
1958,BUS_1958,110,BUS_1958,1_org,1_ca,0
1959,BUS_1959,110,BUS_1959,1_org,1_ca,0
1960,BUS_1960,110,BUS_1960,1_org,1_ca,0
1961,BUS_1961,110,BUS_1961,1_org,1_ca,0
1962,BUS_1962,110,BUS_1962,1_org,1_ca,0
1963,BUS_1963,110,BUS_1963,1_org,1_ca,0
1964,BUS_1964,110,BUS_1964,1_org,1_ca,0
1965,BUS_1965,110,BUS_1965,1_org,1_ca,0
1966,BUS_1966,110,BUS_1966,1_org,1_ca,0
1967,BUS_1967,110,BUS_1967,1_org,1_ca,0
1968,BUS_1968,110,BUS_1968,1_org,1_ca,0
1969,BUS_1969,110,BUS_1969,1_org,1_ca,0
1970,BUS_1970,110,BUS_1970,1_org,1_ca,0
1971,BUS_1971,110,BUS_1971,1_org,1_ca,0
1972,BUS_1972,110,BUS_1972,1_org,1_ca,0
1973,BUS_1973,110,BUS_1973,1_org,1_ca,0
1974,BUS_1974,110,BUS_1974,1_org,1_ca,0
1975,BUS_1975,110,BUS_1975,1_org,1_ca,0
1976,BUS_1976,110,BUS_1976,1_org,1_ca,0
1977,BUS_1977,110,BUS_1977,1_org,1_ca,0
1978,BUS_1978,110,BUS_1978,1_org,1_ca,0
1979,BUS_1979,110,BUS_1979,1_org,1_ca,0
1980,BUS_1980,110,BUS_1980,1_org,1_ca,0
1981,BUS_1981,110,BUS_1981,1_org,1_ca,0
1982,BUS_1982,110,BUS_1982,1_org,1_ca,0
1983,BUS_1983,110,BUS_1983,1_org,1_ca,0
1984,BUS_1984,110,BUS_1984,1_org,1_ca,0
1985,BUS_1985,110,BUS_1985,1_org,1_ca,0
1986,BUS_1986,110,BUS_1986,1_org,1_ca,0
1987,BUS_1987,110,BUS_1987,1_org,1_ca,0
1988,BUS_1988,110,BUS_1988,1_org,1_ca,0
1989,BUS_1989,110,BUS_1989,1_org,1_ca,0
1990,BUS_1990,110,BUS_1990,1_org,1_ca,0
1991,BUS_1991,110,BUS_1991,1_org,1_ca,0
1992,BUS_1992,110,BUS_1992,1_org,1_ca,0
1993,BUS_1993,110,BUS_1993,1_org,1_ca,0
1994,BUS_1994,110,BUS_1994,1_org,1_ca,0
1995,BUS_1995,110,BUS_1995,1_org,1_ca,0
1996,BUS_1996,110,BUS_1996,1_org,1_ca,0
1997,BUS_1997,110,BUS_1997,1_org,1_ca,0
1998,BUS_1998,110,BUS_1998,1_org,1_ca,0
1999,BUS_1999,110,BUS_1999,1_org,1_ca,0
2000,BUS_2000,110,BUS_2000,1_org,1_ca,0
2001,BUS_2001,110,BUS_2001,1_org,1_ca,0
2002,BUS_2002,110,BUS_2002,1_org,1_ca,0
2003,BUS_2003,110,BUS_2003,1_org,1_ca,0
2004,BUS_2004,110,BUS_2004,1_org,1_ca,0
2005,BUS_2005,110,BUS_2005,1_org,1_ca,0
2006,BUS_2006,110,BUS_2006,1_org,1_ca,0
2007,BUS_2007,110,BUS_2007,1_org,1_ca,0
2008,BUS_2008,110,BUS_2008,1_org,1_ca,0
2009,BUS_2009,110,BUS_2009,1_org,1_ca,0
2010,BUS_2010,110,BUS_2010,1_org,1_ca,0
2011,BUS_2011,110,BUS_2011,1_org,1_ca,0
2012,BUS_2012,110,BUS_2012,1_org,1_ca,0
2013,BUS_2013,110,BUS_2013,1_org,1_ca,0
2014,BUS_2014,110,BUS_2014,1_org,1_ca,0
2015,BUS_2015,110,BUS_2015,1_org,1_ca,0
2016,BUS_2016,110,BUS_2016,1_org,1_ca,0
2017,BUS_2017,110,BUS_2017,1_org,1_ca,0
2018,BUS_2018,110,BUS_2018,1_org,1_ca,0
2019,BUS_2019,110,BUS_2019,1_org,1_ca,0
2020,BUS_2020,110,BUS_2020,1_org,1_ca,0
2021,BUS_2021,110,BUS_2021,1_org,1_ca,0
2022,BUS_2022,110,BUS_2022,1_org,1_ca,0
2023,BUS_2023,110,BUS_2023,1_org,1_ca,0
2024,BUS_2024,110,BUS_2024,1_org,1_ca,0
2025,BUS_2025,110,BUS_2025,1_org,1_ca,0
2026,BUS_2026,110,BUS_2026,1_org,1_ca,0
2027,BUS_2027,110,BUS_2027,1_org,1_ca,0
2028,BUS_2028,110,BUS_2028,1_org,1_ca,0
2029,BUS_2029,110,BUS_2029,1_org,1_ca,0
2030,BUS_2030,110,BUS_2030,1_org,1_ca,0
2031,BUS_2031,110,BUS_2031,1_org,1_ca,0
2032,BUS_2032,110,BUS_2032,1_org,1_ca,0
2033,BUS_2033,110,BUS_2033,1_org,1_ca,0
2034,BUS_2034,110,BUS_2034,1_org,1_ca,0
2035,BUS_2035,110,BUS_2035,1_org,1_ca,0
2036,BUS_2036,110,BUS_2036,1_org,1_ca,0
2037,BUS_2037,110,BUS_2037,1_org,1_ca,0
2038,BUS_2038,110,BUS_2038,1_org,1_ca,0
2039,BUS_2039,110,BUS_2039,1_org,1_ca,0
2040,BUS_2040,110,BUS_2040,1_org,1_ca,0
2041,BUS_2041,110,BUS_2041,1_org,1_ca,0
2042,BUS_2042,110,BUS_2042,1_org,1_ca,0
2043,BUS_2043,110,BUS_2043,1_org,1_ca,0
2044,BUS_2044,110,BUS_2044,1_org,1_ca,0
2045,BUS_2045,110,BUS_2045,1_org,1_ca,0
2046,BUS_2046,110,BUS_2046,1_org,1_ca,0
2047,BUS_2047,110,BUS_2047,1_org,1_ca,0
2048,BUS_2048,110,BUS_2048,1_org,1_ca,0
2049,BUS_2049,110,BUS_2049,1_org,1_ca,0
2050,BUS_2050,110,BUS_2050,1_org,1_ca,0
2051,BUS_2051,110,BUS_2051,1_org,1_ca,0
2052,BUS_2052,110,BUS_2052,1_org,1_ca,0
2053,BUS_2053,110,BUS_2053,1_org,1_ca,0
2054,BUS_2054,110,BUS_2054,1_org,1_ca,0
2055,BUS_2055,110,BUS_2055,1_org,1_ca,0
2056,BUS_2056,110,BUS_2056,1_org,1_ca,0
2057,BUS_2057,110,BUS_2057,1_org,1_ca,0
2058,BUS_2058,110,BUS_2058,1_org,1_ca,0
2059,BUS_2059,110,BUS_2059,1_org,1_ca,0
2060,BUS_2060,110,BUS_2060,1_org,1_ca,0
2061,BUS_2061,110,BUS_2061,1_org,1_ca,0
2062,BUS_2062,110,BUS_2062,1_org,1_ca,0
2063,BUS_2063,110,BUS_2063,1_org,1_ca,0
2064,BUS_2064,110,BUS_2064,1_org,1_ca,0
2065,BUS_2065,110,BUS_2065,1_org,1_ca,0
2066,BUS_2066,110,BUS_2066,1_org,1_ca,0
2067,BUS_2067,110,BUS_2067,1_org,1_ca,0
2068,BUS_2068,110,BUS_2068,1_org,1_ca,0
2069,BUS_2069,110,BUS_2069,1_org,1_ca,0
2070,BUS_2070,110,BUS_2070,1_org,1_ca,0
2071,BUS_2071,110,BUS_2071,1_org,1_ca,0
2072,BUS_2072,110,BUS_2072,1_org,1_ca,0
2073,BUS_2073,110,BUS_2073,1_org,1_ca,0
2074,BUS_2074,110,BUS_2074,1_org,1_ca,0
2075,BUS_2075,110,BUS_2075,1_org,1_ca,0
2076,BUS_2076,110,BUS_2076,1_org,1_ca,0
2077,BUS_2077,110,BUS_2077,1_org,1_ca,0
2078,BUS_2078,110,BUS_2078,1_org,1_ca,0
2079,BUS_2079,110,BUS_2079,1_org,1_ca,0
2080,BUS_2080,110,BUS_2080,1_org,1_ca,0
2081,BUS_2081,110,BUS_2081,1_org,1_ca,0
2082,BUS_2082,110,BUS_2082,1_org,1_ca,0
2083,BUS_2083,110,BUS_2083,1_org,1_ca,0
2084,BUS_2084,110,BUS_2084,1_org,1_ca,0
2085,BUS_2085,110,BUS_2085,1_org,1_ca,0
2086,BUS_2086,110,BUS_2086,1_org,1_ca,0
2087,BUS_2087,110,BUS_2087,1_org,1_ca,0
2088,BUS_2088,110,BUS_2088,1_org,1_ca,0
2089,BUS_2089,110,BUS_2089,1_org,1_ca,0
2090,BUS_2090,110,BUS_2090,1_org,1_ca,0
2091,BUS_2091,110,BUS_2091,1_org,1_ca,0
2092,BUS_2092,110,BUS_2092,1_org,1_ca,0
2093,BUS_2093,110,BUS_2093,1_org,1_ca,0
2094,BUS_2094,110,BUS_2094,1_org,1_ca,0
2095,BUS_2095,110,BUS_2095,1_org,1_ca,0
2096,BUS_2096,110,BUS_2096,1_org,1_ca,0
2097,BUS_2097,110,BUS_2097,1_org,1_ca,0
2098,BUS_2098,110,BUS_2098,1_org,1_ca,0
2099,BUS_2099,110,BUS_2099,1_org,1_ca,0
2100,BUS_2100,110,BUS_2100,1_org,1_ca,0
2101,BUS_2101,110,BUS_2101,1_org,1_ca,0
2102,BUS_2102,110,BUS_2102,1_org,1_ca,0
2103,BUS_2103,110,BUS_2103,1_org,1_ca,0
2104,BUS_2104,110,BUS_2104,1_org,1_ca,0
2105,BUS_2105,110,BUS_2105,1_org,1_ca,0
2106,BUS_2106,110,BUS_2106,1_org,1_ca,0
2107,BUS_2107,110,BUS_2107,1_org,1_ca,0
2108,BUS_2108,110,BUS_2108,1_org,1_ca,0
2109,BUS_2109,110,BUS_2109,1_org,1_ca,0
2110,BUS_2110,110,BUS_2110,1_org,1_ca,0
2111,BUS_2111,110,BUS_2111,1_org,1_ca,0
2112,BUS_2112,110,BUS_2112,1_org,1_ca,0
2113,BUS_2113,110,BUS_2113,1_org,1_ca,0
2114,BUS_2114,110,BUS_2114,1_org,1_ca,0
2115,BUS_2115,110,BUS_2115,1_org,1_ca,0
2116,BUS_2116,110,BUS_2116,1_org,1_ca,0
2117,BUS_2117,110,BUS_2117,1_org,1_ca,0
2118,BUS_2118,110,BUS_2118,1_org,1_ca,0
2119,BUS_2119,110,BUS_2119,1_org,1_ca,0
2120,BUS_2120,110,BUS_2120,1_org,1_ca,0
2121,BUS_2121,110,BUS_2121,1_org,1_ca,0
2122,BUS_2122,110,BUS_2122,1_org,1_ca,0
2123,BUS_2123,110,BUS_2123,1_org,1_ca,0
2124,BUS_2124,110,BUS_2124,1_org,1_ca,0
2125,BUS_2125,110,BUS_2125,1_org,1_ca,0
2126,BUS_2126,110,BUS_2126,1_org,1_ca,0
2127,BUS_2127,110,BUS_2127,1_org,1_ca,0
2128,BUS_2128,110,BUS_2128,1_org,1_ca,0
2129,BUS_2129,110,BUS_2129,1_org,1_ca,0
2130,BUS_2130,110,BUS_2130,1_org,1_ca,0
2131,BUS_2131,110,BUS_2131,1_org,1_ca,0
2132,BUS_2132,110,BUS_2132,1_org,1_ca,0
2133,BUS_2133,110,BUS_2133,1_org,1_ca,0
2134,BUS_2134,110,BUS_2134,1_org,1_ca,0
2135,BUS_2135,110,BUS_2135,1_org,1_ca,0
2136,BUS_2136,110,BUS_2136,1_org,1_ca,0
2137,BUS_2137,110,BUS_2137,1_org,1_ca,0
2138,BUS_2138,110,BUS_2138,1_org,1_ca,0
2139,BUS_2139,110,BUS_2139,1_org,1_ca,0
2140,BUS_2140,110,BUS_2140,1_org,1_ca,0
2141,BUS_2141,110,BUS_2141,1_org,1_ca,0
2142,BUS_2142,110,BUS_2142,1_org,1_ca,0
2143,BUS_2143,110,BUS_2143,1_org,1_ca,0
2144,BUS_2144,110,BUS_2144,1_org,1_ca,0
2145,BUS_2145,110,BUS_2145,1_org,1_ca,0
2146,BUS_2146,110,BUS_2146,1_org,1_ca,0
2147,BUS_2147,110,BUS_2147,1_org,1_ca,0
2148,BUS_2148,110,BUS_2148,1_org,1_ca,0
2149,BUS_2149,110,BUS_2149,1_org,1_ca,0
2150,BUS_2150,110,BUS_2150,1_org,1_ca,0
2151,BUS_2151,110,BUS_2151,1_org,1_ca,0
2152,BUS_2152,110,BUS_2152,1_org,1_ca,0
2153,BUS_2153,110,BUS_2153,1_org,1_ca,0
2154,BUS_2154,110,BUS_2154,1_org,1_ca,0
2155,BUS_2155,110,BUS_2155,1_org,1_ca,0
2156,BUS_2156,110,BUS_2156,1_org,1_ca,0
2157,BUS_2157,110,BUS_2157,1_org,1_ca,0
2158,BUS_2158,110,BUS_2158,1_org,1_ca,0
2159,BUS_2159,110,BUS_2159,1_org,1_ca,0
2160,BUS_2160,110,BUS_2160,1_org,1_ca,0
2161,BUS_2161,110,BUS_2161,1_org,1_ca,0
2162,BUS_2162,110,BUS_2162,1_org,1_ca,0
2163,BUS_2163,110,BUS_2163,1_org,1_ca,0
2164,BUS_2164,110,BUS_2164,1_org,1_ca,0
2165,BUS_2165,110,BUS_2165,1_org,1_ca,0
2166,BUS_2166,110,BUS_2166,1_org,1_ca,0
2167,BUS_2167,110,BUS_2167,1_org,1_ca,0
2168,BUS_2168,110,BUS_2168,1_org,1_ca,0
2169,BUS_2169,110,BUS_2169,1_org,1_ca,0
2170,BUS_2170,110,BUS_2170,1_org,1_ca,0
2171,BUS_2171,110,BUS_2171,1_org,1_ca,0
2172,BUS_2172,110,BUS_2172,1_org,1_ca,0
2173,BUS_2173,110,BUS_2173,1_org,1_ca,0
2174,BUS_2174,110,BUS_2174,1_org,1_ca,0
2175,BUS_2175,110,BUS_2175,1_org,1_ca,0
2176,BUS_2176,110,BUS_2176,1_org,1_ca,0
2177,BUS_2177,110,BUS_2177,1_org,1_ca,0
2178,BUS_2178,110,BUS_2178,1_org,1_ca,0
2179,BUS_2179,110,BUS_2179,1_org,1_ca,0
2180,BUS_2180,110,BUS_2180,1_org,1_ca,0
2181,BUS_2181,110,BUS_2181,1_org,1_ca,0
2182,BUS_2182,110,BUS_2182,1_org,1_ca,0
2183,BUS_2183,110,BUS_2183,1_org,1_ca,0
2184,BUS_2184,110,BUS_2184,1_org,1_ca,0
2185,BUS_2185,110,BUS_2185,1_org,1_ca,0
2186,BUS_2186,110,BUS_2186,1_org,1_ca,0
2187,BUS_2187,110,BUS_2187,1_org,1_ca,0
2188,BUS_2188,110,BUS_2188,1_org,1_ca,0
2189,BUS_2189,110,BUS_2189,1_org,1_ca,0
2190,BUS_2190,110,BUS_2190,1_org,1_ca,0
2191,BUS_2191,110,BUS_2191,1_org,1_ca,0
2192,BUS_2192,110,BUS_2192,1_org,1_ca,0
2193,BUS_2193,110,BUS_2193,1_org,1_ca,0
2194,BUS_2194,110,BUS_2194,1_org,1_ca,0
2195,BUS_2195,110,BUS_2195,1_org,1_ca,0
2196,BUS_2196,110,BUS_2196,1_org,1_ca,0
2197,BUS_2197,110,BUS_2197,1_org,1_ca,0
2198,BUS_2198,110,BUS_2198,1_org,1_ca,0
2199,BUS_2199,110,BUS_2199,1_org,1_ca,0
2200,BUS_2200,110,BUS_2200,1_org,1_ca,0
2201,BUS_2201,110,BUS_2201,1_org,1_ca,0
2202,BUS_2202,110,BUS_2202,1_org,1_ca,0
2203,BUS_2203,110,BUS_2203,1_org,1_ca,0
2204,BUS_2204,110,BUS_2204,1_org,1_ca,0
2205,BUS_2205,110,BUS_2205,1_org,1_ca,0
2206,BUS_2206,110,BUS_2206,1_org,1_ca,0
2207,BUS_2207,110,BUS_2207,1_org,1_ca,0
2208,BUS_2208,110,BUS_2208,1_org,1_ca,0
2209,BUS_2209,110,BUS_2209,1_org,1_ca,0
2210,BUS_2210,110,BUS_2210,1_org,1_ca,0
2211,BUS_2211,110,BUS_2211,1_org,1_ca,0
2212,BUS_2212,110,BUS_2212,1_org,1_ca,0
2213,BUS_2213,110,BUS_2213,1_org,1_ca,0
2214,BUS_2214,110,BUS_2214,1_org,1_ca,0
2215,BUS_2215,110,BUS_2215,1_org,1_ca,0
2216,BUS_2216,110,BUS_2216,1_org,1_ca,0
2217,BUS_2217,110,BUS_2217,1_org,1_ca,0
2218,BUS_2218,110,BUS_2218,1_org,1_ca,0
2219,BUS_2219,110,BUS_2219,1_org,1_ca,0
2220,BUS_2220,110,BUS_2220,1_org,1_ca,0
2221,BUS_2221,110,BUS_2221,1_org,1_ca,0
2222,BUS_2222,110,BUS_2222,1_org,1_ca,0
2223,BUS_2223,110,BUS_2223,1_org,1_ca,0
2224,BUS_2224,110,BUS_2224,1_org,1_ca,0
2225,BUS_2225,110,BUS_2225,1_org,1_ca,0
2226,BUS_2226,110,BUS_2226,1_org,1_ca,0
2227,BUS_2227,110,BUS_2227,1_org,1_ca,0
2228,BUS_2228,110,BUS_2228,1_org,1_ca,0
2229,BUS_2229,110,BUS_2229,1_org,1_ca,0
2230,BUS_2230,110,BUS_2230,1_org,1_ca,0
2231,BUS_2231,110,BUS_2231,1_org,1_ca,0
2232,BUS_2232,110,BUS_2232,1_org,1_ca,0
2233,BUS_2233,110,BUS_2233,1_org,1_ca,0
2234,BUS_2234,110,BUS_2234,1_org,1_ca,0
2235,BUS_2235,110,BUS_2235,1_org,1_ca,0
2236,BUS_2236,110,BUS_2236,1_org,1_ca,0
2237,BUS_2237,110,BUS_2237,1_org,1_ca,0
2238,BUS_2238,110,BUS_2238,1_org,1_ca,0
2239,BUS_2239,110,BUS_2239,1_org,1_ca,0
2240,BUS_2240,110,BUS_2240,1_org,1_ca,0
2241,BUS_2241,110,BUS_2241,1_org,1_ca,0
2242,BUS_2242,110,BUS_2242,1_org,1_ca,0
2243,BUS_2243,110,BUS_2243,1_org,1_ca,0
2244,BUS_2244,110,BUS_2244,1_org,1_ca,0
2245,BUS_2245,110,BUS_2245,1_org,1_ca,0
2246,BUS_2246,110,BUS_2246,1_org,1_ca,0
2247,BUS_2247,110,BUS_2247,1_org,1_ca,0
2248,BUS_2248,110,BUS_2248,1_org,1_ca,0
2249,BUS_2249,110,BUS_2249,1_org,1_ca,0
2250,BUS_2250,110,BUS_2250,1_org,1_ca,0
2251,BUS_2251,110,BUS_2251,1_org,1_ca,0
2252,BUS_2252,110,BUS_2252,1_org,1_ca,0
2253,BUS_2253,110,BUS_2253,1_org,1_ca,0
2254,BUS_2254,110,BUS_2254,1_org,1_ca,0
2255,BUS_2255,110,BUS_2255,1_org,1_ca,0
2256,BUS_2256,110,BUS_2256,1_org,1_ca,0
2257,BUS_2257,110,BUS_2257,1_org,1_ca,0
2258,BUS_2258,110,BUS_2258,1_org,1_ca,0
2259,BUS_2259,110,BUS_2259,1_org,1_ca,0
2260,BUS_2260,110,BUS_2260,1_org,1_ca,0
2261,BUS_2261,110,BUS_2261,1_org,1_ca,0
2262,BUS_2262,110,BUS_2262,1_org,1_ca,0
2263,BUS_2263,110,BUS_2263,1_org,1_ca,0
2264,BUS_2264,110,BUS_2264,1_org,1_ca,0
2265,BUS_2265,110,BUS_2265,1_org,1_ca,0
2266,BUS_2266,110,BUS_2266,1_org,1_ca,0
2267,BUS_2267,110,BUS_2267,1_org,1_ca,0
2268,BUS_2268,110,BUS_2268,1_org,1_ca,0
2269,BUS_2269,110,BUS_2269,1_org,1_ca,0
2270,BUS_2270,110,BUS_2270,1_org,1_ca,0
2271,BUS_2271,110,BUS_2271,1_org,1_ca,0
2272,BUS_2272,110,BUS_2272,1_org,1_ca,0
2273,BUS_2273,110,BUS_2273,1_org,1_ca,0
2274,BUS_2274,110,BUS_2274,1_org,1_ca,0
2275,BUS_2275,110,BUS_2275,1_org,1_ca,0
2276,BUS_2276,110,BUS_2276,1_org,1_ca,0
2277,BUS_2277,110,BUS_2277,1_org,1_ca,0
2278,BUS_2278,110,BUS_2278,1_org,1_ca,0
2279,BUS_2279,110,BUS_2279,1_org,1_ca,0
2280,BUS_2280,110,BUS_2280,1_org,1_ca,0
2281,BUS_2281,110,BUS_2281,1_org,1_ca,0
2282,BUS_2282,110,BUS_2282,1_org,1_ca,0
2283,BUS_2283,110,BUS_2283,1_org,1_ca,0
2284,BUS_2284,110,BUS_2284,1_org,1_ca,0
2285,BUS_2285,110,BUS_2285,1_org,1_ca,0
2286,BUS_2286,110,BUS_2286,1_org,1_ca,0
2287,BUS_2287,110,BUS_2287,1_org,1_ca,0
2288,BUS_2288,110,BUS_2288,1_org,1_ca,0
2289,BUS_2289,110,BUS_2289,1_org,1_ca,0
2290,BUS_2290,110,BUS_2290,1_org,1_ca,0
2291,BUS_2291,110,BUS_2291,1_org,1_ca,0
2292,BUS_2292,110,BUS_2292,1_org,1_ca,0
2293,BUS_2293,110,BUS_2293,1_org,1_ca,0
2294,BUS_2294,110,BUS_2294,1_org,1_ca,0
2295,BUS_2295,110,BUS_2295,1_org,1_ca,0
2296,BUS_2296,110,BUS_2296,1_org,1_ca,0
2297,BUS_2297,110,BUS_2297,1_org,1_ca,0
2298,BUS_2298,110,BUS_2298,1_org,1_ca,0
2299,BUS_2299,110,BUS_2299,1_org,1_ca,0
2300,BUS_2300,110,BUS_2300,1_org,1_ca,0
2301,BUS_2301,110,BUS_2301,1_org,1_ca,0
2302,BUS_2302,110,BUS_2302,1_org,1_ca,0
2303,BUS_2303,110,BUS_2303,1_org,1_ca,0
2304,BUS_2304,110,BUS_2304,1_org,1_ca,0
2305,BUS_2305,110,BUS_2305,1_org,1_ca,0
2306,BUS_2306,110,BUS_2306,1_org,1_ca,0
2307,BUS_2307,110,BUS_2307,1_org,1_ca,0
2308,BUS_2308,110,BUS_2308,1_org,1_ca,0
2309,BUS_2309,110,BUS_2309,1_org,1_ca,0
2310,BUS_2310,110,BUS_2310,1_org,1_ca,0
2311,BUS_2311,110,BUS_2311,1_org,1_ca,0
2312,BUS_2312,110,BUS_2312,1_org,1_ca,0
2313,BUS_2313,110,BUS_2313,1_org,1_ca,0
2314,BUS_2314,110,BUS_2314,1_org,1_ca,0
2315,BUS_2315,110,BUS_2315,1_org,1_ca,0
2316,BUS_2316,110,BUS_2316,1_org,1_ca,0
2317,BUS_2317,110,BUS_2317,1_org,1_ca,0
2318,BUS_2318,110,BUS_2318,1_org,1_ca,0
2319,BUS_2319,110,BUS_2319,1_org,1_ca,0
2320,BUS_2320,110,BUS_2320,1_org,1_ca,0
2321,BUS_2321,110,BUS_2321,1_org,1_ca,0
2322,BUS_2322,110,BUS_2322,1_org,1_ca,0
2323,BUS_2323,110,BUS_2323,1_org,1_ca,0
2324,BUS_2324,110,BUS_2324,1_org,1_ca,0
2325,BUS_2325,110,BUS_2325,1_org,1_ca,0
2326,BUS_2326,110,BUS_2326,1_org,1_ca,0
2327,BUS_2327,110,BUS_2327,1_org,1_ca,0
2328,BUS_2328,110,BUS_2328,1_org,1_ca,0
2329,BUS_2329,110,BUS_2329,1_org,1_ca,0
2330,BUS_2330,110,BUS_2330,1_org,1_ca,0
2331,BUS_2331,110,BUS_2331,1_org,1_ca,0
2332,BUS_2332,110,BUS_2332,1_org,1_ca,0
2333,BUS_2333,110,BUS_2333,1_org,1_ca,0
2334,BUS_2334,110,BUS_2334,1_org,1_ca,0
2335,BUS_2335,110,BUS_2335,1_org,1_ca,0
2336,BUS_2336,110,BUS_2336,1_org,1_ca,0
2337,BUS_2337,110,BUS_2337,1_org,1_ca,0
2338,BUS_2338,110,BUS_2338,1_org,1_ca,0
2339,BUS_2339,110,BUS_2339,1_org,1_ca,0
2340,BUS_2340,110,BUS_2340,1_org,1_ca,0
2341,BUS_2341,110,BUS_2341,1_org,1_ca,0
2342,BUS_2342,110,BUS_2342,1_org,1_ca,0
2343,BUS_2343,110,BUS_2343,1_org,1_ca,0
2344,BUS_2344,110,BUS_2344,1_org,1_ca,0
2345,BUS_2345,110,BUS_2345,1_org,1_ca,0
2346,BUS_2346,110,BUS_2346,1_org,1_ca,0
2347,BUS_2347,110,BUS_2347,1_org,1_ca,0
2348,BUS_2348,110,BUS_2348,1_org,1_ca,0
2349,BUS_2349,110,BUS_2349,1_org,1_ca,0
2350,BUS_2350,110,BUS_2350,1_org,1_ca,0
2351,BUS_2351,110,BUS_2351,1_org,1_ca,0
2352,BUS_2352,110,BUS_2352,1_org,1_ca,0
2353,BUS_2353,110,BUS_2353,1_org,1_ca,0
2354,BUS_2354,110,BUS_2354,1_org,1_ca,0
2355,BUS_2355,110,BUS_2355,1_org,1_ca,0
2356,BUS_2356,110,BUS_2356,1_org,1_ca,0
2357,BUS_2357,110,BUS_2357,1_org,1_ca,0
2358,BUS_2358,110,BUS_2358,1_org,1_ca,0
2359,BUS_2359,110,BUS_2359,1_org,1_ca,0
2360,BUS_2360,110,BUS_2360,1_org,1_ca,0
2361,BUS_2361,110,BUS_2361,1_org,1_ca,0
2362,BUS_2362,110,BUS_2362,1_org,1_ca,0
2363,BUS_2363,110,BUS_2363,1_org,1_ca,0
2364,BUS_2364,110,BUS_2364,1_org,1_ca,0
2365,BUS_2365,110,BUS_2365,1_org,1_ca,0
2366,BUS_2366,110,BUS_2366,1_org,1_ca,0
2367,BUS_2367,110,BUS_2367,1_org,1_ca,0
2368,BUS_2368,110,BUS_2368,1_org,1_ca,0
2369,BUS_2369,110,BUS_2369,1_org,1_ca,0
2370,BUS_2370,110,BUS_2370,1_org,1_ca,0
2371,BUS_2371,110,BUS_2371,1_org,1_ca,0
2372,BUS_2372,110,BUS_2372,1_org,1_ca,0
2373,BUS_2373,110,BUS_2373,1_org,1_ca,0
2374,BUS_2374,110,BUS_2374,1_org,1_ca,0
2375,BUS_2375,110,BUS_2375,1_org,1_ca,0
2376,BUS_2376,110,BUS_2376,1_org,1_ca,0
2377,BUS_2377,110,BUS_2377,1_org,1_ca,0
2378,BUS_2378,110,BUS_2378,1_org,1_ca,0
2379,BUS_2379,110,BUS_2379,1_org,1_ca,0
2380,BUS_2380,110,BUS_2380,1_org,1_ca,0
2381,BUS_2381,110,BUS_2381,1_org,1_ca,0
2382,BUS_2382,110,BUS_2382,1_org,1_ca,0
2383,BUS_2383,110,BUS_2383,1_org,1_ca,0
