ID,Name
BUS_1,BUS_1
BUS_2,BUS_2
BUS_3,BUS_3
BUS_4,BUS_4
BUS_5,BUS_5
BUS_6,BUS_6
BUS_7,BUS_7
BUS_8,BUS_8
BUS_9,BUS_9
BUS_10,BUS_10
BUS_11,BUS_11
BUS_12,BUS_12
BUS_13,BUS_13
BUS_14,BUS_14
BUS_15,BUS_15
BUS_16,BUS_16
BUS_17,BUS_17
BUS_18,BUS_18
BUS_19,BUS_19
BUS_20,BUS_20
BUS_21,BUS_21
BUS_22,BUS_22
BUS_23,BUS_23
BUS_24,BUS_24
BUS_25,BUS_25
BUS_26,BUS_26
BUS_27,BUS_27
BUS_28,BUS_28
BUS_29,BUS_29
BUS_30,BUS_30
BUS_31,BUS_31
BUS_32,BUS_32
BUS_33,BUS_33
BUS_34,BUS_34
BUS_35,BUS_35
BUS_36,BUS_36
BUS_37,BUS_37
BUS_38,BUS_38
BUS_39,BUS_39
BUS_40,BUS_40
BUS_41,BUS_41
BUS_42,BUS_42
BUS_43,BUS_43
BUS_44,BUS_44
BUS_45,BUS_45
BUS_46,BUS_46
BUS_47,BUS_47
BUS_48,BUS_48
BUS_49,BUS_49
BUS_50,BUS_50
BUS_51,BUS_51
BUS_52,BUS_52
BUS_53,BUS_53
BUS_54,BUS_54
BUS_55,BUS_55
BUS_56,BUS_56
BUS_57,BUS_57
BUS_58,BUS_58
BUS_59,BUS_59
BUS_60,BUS_60
BUS_61,BUS_61
BUS_62,BUS_62
BUS_63,BUS_63
BUS_64,BUS_64
BUS_65,BUS_65
BUS_66,BUS_66
BUS_67,BUS_67
BUS_68,BUS_68
BUS_69,BUS_69
BUS_70,BUS_70
BUS_71,BUS_71
BUS_72,BUS_72
BUS_73,BUS_73
BUS_74,BUS_74
BUS_75,BUS_75
BUS_76,BUS_76
BUS_77,BUS_77
BUS_78,BUS_78
BUS_79,BUS_79
BUS_80,BUS_80
BUS_81,BUS_81
BUS_82,BUS_82
BUS_83,BUS_83
BUS_84,BUS_84
BUS_85,BUS_85
BUS_86,BUS_86
BUS_87,BUS_87
BUS_88,BUS_88
BUS_89,BUS_89
BUS_90,BUS_90
BUS_91,BUS_91
BUS_92,BUS_92
BUS_93,BUS_93
BUS_94,BUS_94
BUS_95,BUS_95
BUS_96,BUS_96
BUS_97,BUS_97
BUS_98,BUS_98
BUS_99,BUS_99
BUS_100,BUS_100
BUS_101,BUS_101
BUS_102,BUS_102
BUS_103,BUS_103
BUS_104,BUS_104
BUS_105,BUS_105
BUS_106,BUS_106
BUS_107,BUS_107
BUS_108,BUS_108
BUS_109,BUS_109
BUS_110,BUS_110
BUS_111,BUS_111
BUS_112,BUS_112
BUS_113,BUS_113
BUS_114,BUS_114
BUS_115,BUS_115
BUS_116,BUS_116
BUS_117,BUS_117
BUS_118,BUS_118
BUS_119,BUS_119
BUS_120,BUS_120
BUS_121,BUS_121
BUS_122,BUS_122
BUS_123,BUS_123
BUS_124,BUS_124
BUS_125,BUS_125
BUS_126,BUS_126
BUS_127,BUS_127
BUS_128,BUS_128
BUS_129,BUS_129
BUS_130,BUS_130
BUS_131,BUS_131
BUS_132,BUS_132
BUS_133,BUS_133
BUS_134,BUS_134
BUS_135,BUS_135
BUS_136,BUS_136
BUS_137,BUS_137
BUS_138,BUS_138
BUS_139,BUS_139
BUS_140,BUS_140
BUS_141,BUS_141
BUS_142,BUS_142
BUS_143,BUS_143
BUS_144,BUS_144
BUS_145,BUS_145
BUS_146,BUS_146
BUS_147,BUS_147
BUS_148,BUS_148
BUS_149,BUS_149
BUS_150,BUS_150
BUS_151,BUS_151
BUS_152,BUS_152
BUS_153,BUS_153
BUS_154,BUS_154
BUS_155,BUS_155
BUS_156,BUS_156
BUS_157,BUS_157
BUS_158,BUS_158
BUS_159,BUS_159
BUS_160,BUS_160
BUS_161,BUS_161
BUS_162,BUS_162
BUS_163,BUS_163
BUS_164,BUS_164
BUS_165,BUS_165
BUS_166,BUS_166
BUS_167,BUS_167
BUS_168,BUS_168
BUS_169,BUS_169
BUS_170,BUS_170
BUS_171,BUS_171
BUS_172,BUS_172
BUS_173,BUS_173
BUS_174,BUS_174
BUS_175,BUS_175
BUS_176,BUS_176
BUS_177,BUS_177
BUS_178,BUS_178
BUS_179,BUS_179
BUS_180,BUS_180
BUS_181,BUS_181
BUS_182,BUS_182
BUS_183,BUS_183
BUS_184,BUS_184
BUS_185,BUS_185
BUS_186,BUS_186
BUS_187,BUS_187
BUS_188,BUS_188
BUS_189,BUS_189
BUS_190,BUS_190
BUS_191,BUS_191
BUS_192,BUS_192
BUS_193,BUS_193
BUS_194,BUS_194
BUS_195,BUS_195
BUS_196,BUS_196
BUS_197,BUS_197
BUS_198,BUS_198
BUS_199,BUS_199
BUS_200,BUS_200
BUS_201,BUS_201
BUS_202,BUS_202
BUS_203,BUS_203
BUS_204,BUS_204
BUS_205,BUS_205
BUS_206,BUS_206
BUS_207,BUS_207
BUS_208,BUS_208
BUS_209,BUS_209
BUS_210,BUS_210
BUS_211,BUS_211
BUS_212,BUS_212
BUS_213,BUS_213
BUS_214,BUS_214
BUS_215,BUS_215
BUS_216,BUS_216
BUS_217,BUS_217
BUS_218,BUS_218
BUS_219,BUS_219
BUS_220,BUS_220
BUS_221,BUS_221
BUS_222,BUS_222
BUS_223,BUS_223
BUS_224,BUS_224
BUS_225,BUS_225
BUS_226,BUS_226
BUS_227,BUS_227
BUS_228,BUS_228
BUS_229,BUS_229
BUS_230,BUS_230
BUS_231,BUS_231
BUS_232,BUS_232
BUS_233,BUS_233
BUS_234,BUS_234
BUS_235,BUS_235
BUS_236,BUS_236
BUS_237,BUS_237
BUS_238,BUS_238
BUS_239,BUS_239
BUS_240,BUS_240
BUS_241,BUS_241
BUS_242,BUS_242
BUS_243,BUS_243
BUS_244,BUS_244
BUS_245,BUS_245
BUS_246,BUS_246
BUS_247,BUS_247
BUS_248,BUS_248
BUS_249,BUS_249
BUS_250,BUS_250
BUS_251,BUS_251
BUS_252,BUS_252
BUS_253,BUS_253
BUS_254,BUS_254
BUS_255,BUS_255
BUS_256,BUS_256
BUS_257,BUS_257
BUS_258,BUS_258
BUS_259,BUS_259
BUS_260,BUS_260
BUS_261,BUS_261
BUS_262,BUS_262
BUS_263,BUS_263
BUS_264,BUS_264
BUS_265,BUS_265
BUS_266,BUS_266
BUS_267,BUS_267
BUS_268,BUS_268
BUS_269,BUS_269
BUS_270,BUS_270
BUS_271,BUS_271
BUS_272,BUS_272
BUS_273,BUS_273
BUS_274,BUS_274
BUS_275,BUS_275
BUS_276,BUS_276
BUS_277,BUS_277
BUS_278,BUS_278
BUS_279,BUS_279
BUS_280,BUS_280
BUS_281,BUS_281
BUS_282,BUS_282
BUS_283,BUS_283
BUS_284,BUS_284
BUS_285,BUS_285
BUS_286,BUS_286
BUS_287,BUS_287
BUS_288,BUS_288
BUS_289,BUS_289
BUS_290,BUS_290
BUS_291,BUS_291
BUS_292,BUS_292
BUS_293,BUS_293
BUS_294,BUS_294
BUS_295,BUS_295
BUS_296,BUS_296
BUS_297,BUS_297
BUS_298,BUS_298
BUS_299,BUS_299
BUS_300,BUS_300
BUS_301,BUS_301
BUS_302,BUS_302
BUS_303,BUS_303
BUS_304,BUS_304
BUS_305,BUS_305
BUS_306,BUS_306
BUS_307,BUS_307
BUS_308,BUS_308
BUS_309,BUS_309
BUS_310,BUS_310
BUS_311,BUS_311
BUS_312,BUS_312
BUS_313,BUS_313
BUS_314,BUS_314
BUS_315,BUS_315
BUS_316,BUS_316
BUS_317,BUS_317
BUS_318,BUS_318
BUS_319,BUS_319
BUS_320,BUS_320
BUS_321,BUS_321
BUS_322,BUS_322
BUS_323,BUS_323
BUS_324,BUS_324
BUS_325,BUS_325
BUS_326,BUS_326
BUS_327,BUS_327
BUS_328,BUS_328
BUS_329,BUS_329
BUS_330,BUS_330
BUS_331,BUS_331
BUS_332,BUS_332
BUS_333,BUS_333
BUS_334,BUS_334
BUS_335,BUS_335
BUS_336,BUS_336
BUS_337,BUS_337
BUS_338,BUS_338
BUS_339,BUS_339
BUS_340,BUS_340
BUS_341,BUS_341
BUS_342,BUS_342
BUS_343,BUS_343
BUS_344,BUS_344
BUS_345,BUS_345
BUS_346,BUS_346
BUS_347,BUS_347
BUS_348,BUS_348
BUS_349,BUS_349
BUS_350,BUS_350
BUS_351,BUS_351
BUS_352,BUS_352
BUS_353,BUS_353
BUS_354,BUS_354
BUS_355,BUS_355
BUS_356,BUS_356
BUS_357,BUS_357
BUS_358,BUS_358
BUS_359,BUS_359
BUS_360,BUS_360
BUS_361,BUS_361
BUS_362,BUS_362
BUS_363,BUS_363
BUS_364,BUS_364
BUS_365,BUS_365
BUS_366,BUS_366
BUS_367,BUS_367
BUS_368,BUS_368
BUS_369,BUS_369
BUS_370,BUS_370
BUS_371,BUS_371
BUS_372,BUS_372
BUS_373,BUS_373
BUS_374,BUS_374
BUS_375,BUS_375
BUS_376,BUS_376
BUS_377,BUS_377
BUS_378,BUS_378
BUS_379,BUS_379
BUS_380,BUS_380
BUS_381,BUS_381
BUS_382,BUS_382
BUS_383,BUS_383
BUS_384,BUS_384
BUS_385,BUS_385
BUS_386,BUS_386
BUS_387,BUS_387
BUS_388,BUS_388
BUS_389,BUS_389
BUS_390,BUS_390
BUS_391,BUS_391
BUS_392,BUS_392
BUS_393,BUS_393
BUS_394,BUS_394
BUS_395,BUS_395
BUS_396,BUS_396
BUS_397,BUS_397
BUS_398,BUS_398
BUS_399,BUS_399
BUS_400,BUS_400
BUS_401,BUS_401
BUS_402,BUS_402
BUS_403,BUS_403
BUS_404,BUS_404
BUS_405,BUS_405
BUS_406,BUS_406
BUS_407,BUS_407
BUS_408,BUS_408
BUS_409,BUS_409
BUS_410,BUS_410
BUS_411,BUS_411
BUS_412,BUS_412
BUS_413,BUS_413
BUS_414,BUS_414
BUS_415,BUS_415
BUS_416,BUS_416
BUS_417,BUS_417
BUS_418,BUS_418
BUS_419,BUS_419
BUS_420,BUS_420
BUS_421,BUS_421
BUS_422,BUS_422
BUS_423,BUS_423
BUS_424,BUS_424
BUS_425,BUS_425
BUS_426,BUS_426
BUS_427,BUS_427
BUS_428,BUS_428
BUS_429,BUS_429
BUS_430,BUS_430
BUS_431,BUS_431
BUS_432,BUS_432
BUS_433,BUS_433
BUS_434,BUS_434
BUS_435,BUS_435
BUS_436,BUS_436
BUS_437,BUS_437
BUS_438,BUS_438
BUS_439,BUS_439
BUS_440,BUS_440
BUS_441,BUS_441
BUS_442,BUS_442
BUS_443,BUS_443
BUS_444,BUS_444
BUS_445,BUS_445
BUS_446,BUS_446
BUS_447,BUS_447
BUS_448,BUS_448
BUS_449,BUS_449
BUS_450,BUS_450
BUS_451,BUS_451
BUS_452,BUS_452
BUS_453,BUS_453
BUS_454,BUS_454
BUS_455,BUS_455
BUS_456,BUS_456
BUS_457,BUS_457
BUS_458,BUS_458
BUS_459,BUS_459
BUS_460,BUS_460
BUS_461,BUS_461
BUS_462,BUS_462
BUS_463,BUS_463
BUS_464,BUS_464
BUS_465,BUS_465
BUS_466,BUS_466
BUS_467,BUS_467
BUS_468,BUS_468
BUS_469,BUS_469
BUS_470,BUS_470
BUS_471,BUS_471
BUS_472,BUS_472
BUS_473,BUS_473
BUS_474,BUS_474
BUS_475,BUS_475
BUS_476,BUS_476
BUS_477,BUS_477
BUS_478,BUS_478
BUS_479,BUS_479
BUS_480,BUS_480
BUS_481,BUS_481
BUS_482,BUS_482
BUS_483,BUS_483
BUS_484,BUS_484
BUS_485,BUS_485
BUS_486,BUS_486
BUS_487,BUS_487
BUS_488,BUS_488
BUS_489,BUS_489
BUS_490,BUS_490
BUS_491,BUS_491
BUS_492,BUS_492
BUS_493,BUS_493
BUS_494,BUS_494
BUS_495,BUS_495
BUS_496,BUS_496
BUS_497,BUS_497
BUS_498,BUS_498
BUS_499,BUS_499
BUS_500,BUS_500
BUS_501,BUS_501
BUS_502,BUS_502
BUS_503,BUS_503
BUS_504,BUS_504
BUS_505,BUS_505
BUS_506,BUS_506
BUS_507,BUS_507
BUS_508,BUS_508
BUS_509,BUS_509
BUS_510,BUS_510
BUS_511,BUS_511
BUS_512,BUS_512
BUS_513,BUS_513
BUS_514,BUS_514
BUS_515,BUS_515
BUS_516,BUS_516
BUS_517,BUS_517
BUS_518,BUS_518
BUS_519,BUS_519
BUS_520,BUS_520
BUS_521,BUS_521
BUS_522,BUS_522
BUS_523,BUS_523
BUS_524,BUS_524
BUS_525,BUS_525
BUS_526,BUS_526
BUS_527,BUS_527
BUS_528,BUS_528
BUS_529,BUS_529
BUS_530,BUS_530
BUS_531,BUS_531
BUS_532,BUS_532
BUS_533,BUS_533
BUS_534,BUS_534
BUS_535,BUS_535
BUS_536,BUS_536
BUS_537,BUS_537
BUS_538,BUS_538
BUS_539,BUS_539
BUS_540,BUS_540
BUS_541,BUS_541
BUS_542,BUS_542
BUS_543,BUS_543
BUS_544,BUS_544
BUS_545,BUS_545
BUS_546,BUS_546
BUS_547,BUS_547
BUS_548,BUS_548
BUS_549,BUS_549
BUS_550,BUS_550
BUS_551,BUS_551
BUS_552,BUS_552
BUS_553,BUS_553
BUS_554,BUS_554
BUS_555,BUS_555
BUS_556,BUS_556
BUS_557,BUS_557
BUS_558,BUS_558
BUS_559,BUS_559
BUS_560,BUS_560
BUS_561,BUS_561
BUS_562,BUS_562
BUS_563,BUS_563
BUS_564,BUS_564
BUS_565,BUS_565
BUS_566,BUS_566
BUS_567,BUS_567
BUS_568,BUS_568
BUS_569,BUS_569
BUS_570,BUS_570
BUS_571,BUS_571
BUS_572,BUS_572
BUS_573,BUS_573
BUS_574,BUS_574
BUS_575,BUS_575
BUS_576,BUS_576
BUS_577,BUS_577
BUS_578,BUS_578
BUS_579,BUS_579
BUS_580,BUS_580
BUS_581,BUS_581
BUS_582,BUS_582
BUS_583,BUS_583
BUS_584,BUS_584
BUS_585,BUS_585
BUS_586,BUS_586
BUS_587,BUS_587
BUS_588,BUS_588
BUS_589,BUS_589
BUS_590,BUS_590
BUS_591,BUS_591
BUS_592,BUS_592
BUS_593,BUS_593
BUS_594,BUS_594
BUS_595,BUS_595
BUS_596,BUS_596
BUS_597,BUS_597
BUS_598,BUS_598
BUS_599,BUS_599
BUS_600,BUS_600
BUS_601,BUS_601
BUS_602,BUS_602
BUS_603,BUS_603
BUS_604,BUS_604
BUS_605,BUS_605
BUS_606,BUS_606
BUS_607,BUS_607
BUS_608,BUS_608
BUS_609,BUS_609
BUS_610,BUS_610
BUS_611,BUS_611
BUS_612,BUS_612
BUS_613,BUS_613
BUS_614,BUS_614
BUS_615,BUS_615
BUS_616,BUS_616
BUS_617,BUS_617
BUS_618,BUS_618
BUS_619,BUS_619
BUS_620,BUS_620
BUS_621,BUS_621
BUS_622,BUS_622
BUS_623,BUS_623
BUS_624,BUS_624
BUS_625,BUS_625
BUS_626,BUS_626
BUS_627,BUS_627
BUS_628,BUS_628
BUS_629,BUS_629
BUS_630,BUS_630
BUS_631,BUS_631
BUS_632,BUS_632
BUS_633,BUS_633
BUS_634,BUS_634
BUS_635,BUS_635
BUS_636,BUS_636
BUS_637,BUS_637
BUS_638,BUS_638
BUS_639,BUS_639
BUS_640,BUS_640
BUS_641,BUS_641
BUS_642,BUS_642
BUS_643,BUS_643
BUS_644,BUS_644
BUS_645,BUS_645
BUS_646,BUS_646
BUS_647,BUS_647
BUS_648,BUS_648
BUS_649,BUS_649
BUS_650,BUS_650
BUS_651,BUS_651
BUS_652,BUS_652
BUS_653,BUS_653
BUS_654,BUS_654
BUS_655,BUS_655
BUS_656,BUS_656
BUS_657,BUS_657
BUS_658,BUS_658
BUS_659,BUS_659
BUS_660,BUS_660
BUS_661,BUS_661
BUS_662,BUS_662
BUS_663,BUS_663
BUS_664,BUS_664
BUS_665,BUS_665
BUS_666,BUS_666
BUS_667,BUS_667
BUS_668,BUS_668
BUS_669,BUS_669
BUS_670,BUS_670
BUS_671,BUS_671
BUS_672,BUS_672
BUS_673,BUS_673
BUS_674,BUS_674
BUS_675,BUS_675
BUS_676,BUS_676
BUS_677,BUS_677
BUS_678,BUS_678
BUS_679,BUS_679
BUS_680,BUS_680
BUS_681,BUS_681
BUS_682,BUS_682
BUS_683,BUS_683
BUS_684,BUS_684
BUS_685,BUS_685
BUS_686,BUS_686
BUS_687,BUS_687
BUS_688,BUS_688
BUS_689,BUS_689
BUS_690,BUS_690
BUS_691,BUS_691
BUS_692,BUS_692
BUS_693,BUS_693
BUS_694,BUS_694
BUS_695,BUS_695
BUS_696,BUS_696
BUS_697,BUS_697
BUS_698,BUS_698
BUS_699,BUS_699
BUS_700,BUS_700
BUS_701,BUS_701
BUS_702,BUS_702
BUS_703,BUS_703
BUS_704,BUS_704
BUS_705,BUS_705
BUS_706,BUS_706
BUS_707,BUS_707
BUS_708,BUS_708
BUS_709,BUS_709
BUS_710,BUS_710
BUS_711,BUS_711
BUS_712,BUS_712
BUS_713,BUS_713
BUS_714,BUS_714
BUS_715,BUS_715
BUS_716,BUS_716
BUS_717,BUS_717
BUS_718,BUS_718
BUS_719,BUS_719
BUS_720,BUS_720
BUS_721,BUS_721
BUS_722,BUS_722
BUS_723,BUS_723
BUS_724,BUS_724
BUS_725,BUS_725
BUS_726,BUS_726
BUS_727,BUS_727
BUS_728,BUS_728
BUS_729,BUS_729
BUS_730,BUS_730
BUS_731,BUS_731
BUS_732,BUS_732
BUS_733,BUS_733
BUS_734,BUS_734
BUS_735,BUS_735
BUS_736,BUS_736
BUS_737,BUS_737
BUS_738,BUS_738
BUS_739,BUS_739
BUS_740,BUS_740
BUS_741,BUS_741
BUS_742,BUS_742
BUS_743,BUS_743
BUS_744,BUS_744
BUS_745,BUS_745
BUS_746,BUS_746
BUS_747,BUS_747
BUS_748,BUS_748
BUS_749,BUS_749
BUS_750,BUS_750
BUS_751,BUS_751
BUS_752,BUS_752
BUS_753,BUS_753
BUS_754,BUS_754
BUS_755,BUS_755
BUS_756,BUS_756
BUS_757,BUS_757
BUS_758,BUS_758
BUS_759,BUS_759
BUS_760,BUS_760
BUS_761,BUS_761
BUS_762,BUS_762
BUS_763,BUS_763
BUS_764,BUS_764
BUS_765,BUS_765
BUS_766,BUS_766
BUS_767,BUS_767
BUS_768,BUS_768
BUS_769,BUS_769
BUS_770,BUS_770
BUS_771,BUS_771
BUS_772,BUS_772
BUS_773,BUS_773
BUS_774,BUS_774
BUS_775,BUS_775
BUS_776,BUS_776
BUS_777,BUS_777
BUS_778,BUS_778
BUS_779,BUS_779
BUS_780,BUS_780
BUS_781,BUS_781
BUS_782,BUS_782
BUS_783,BUS_783
BUS_784,BUS_784
BUS_785,BUS_785
BUS_786,BUS_786
BUS_787,BUS_787
BUS_788,BUS_788
BUS_789,BUS_789
BUS_790,BUS_790
BUS_791,BUS_791
BUS_792,BUS_792
BUS_793,BUS_793
BUS_794,BUS_794
BUS_795,BUS_795
BUS_796,BUS_796
BUS_797,BUS_797
BUS_798,BUS_798
BUS_799,BUS_799
BUS_800,BUS_800
BUS_801,BUS_801
BUS_802,BUS_802
BUS_803,BUS_803
BUS_804,BUS_804
BUS_805,BUS_805
BUS_806,BUS_806
BUS_807,BUS_807
BUS_808,BUS_808
BUS_809,BUS_809
BUS_810,BUS_810
BUS_811,BUS_811
BUS_812,BUS_812
BUS_813,BUS_813
BUS_814,BUS_814
BUS_815,BUS_815
BUS_816,BUS_816
BUS_817,BUS_817
BUS_818,BUS_818
BUS_819,BUS_819
BUS_820,BUS_820
BUS_821,BUS_821
BUS_822,BUS_822
BUS_823,BUS_823
BUS_824,BUS_824
BUS_825,BUS_825
BUS_826,BUS_826
BUS_827,BUS_827
BUS_828,BUS_828
BUS_829,BUS_829
BUS_830,BUS_830
BUS_831,BUS_831
BUS_832,BUS_832
BUS_833,BUS_833
BUS_834,BUS_834
BUS_835,BUS_835
BUS_836,BUS_836
BUS_837,BUS_837
BUS_838,BUS_838
BUS_839,BUS_839
BUS_840,BUS_840
BUS_841,BUS_841
BUS_842,BUS_842
BUS_843,BUS_843
BUS_844,BUS_844
BUS_845,BUS_845
BUS_846,BUS_846
BUS_847,BUS_847
BUS_848,BUS_848
BUS_849,BUS_849
BUS_850,BUS_850
BUS_851,BUS_851
BUS_852,BUS_852
BUS_853,BUS_853
BUS_854,BUS_854
BUS_855,BUS_855
BUS_856,BUS_856
BUS_857,BUS_857
BUS_858,BUS_858
BUS_859,BUS_859
BUS_860,BUS_860
BUS_861,BUS_861
BUS_862,BUS_862
BUS_863,BUS_863
BUS_864,BUS_864
BUS_865,BUS_865
BUS_866,BUS_866
BUS_867,BUS_867
BUS_868,BUS_868
BUS_869,BUS_869
BUS_870,BUS_870
BUS_871,BUS_871
BUS_872,BUS_872
BUS_873,BUS_873
BUS_874,BUS_874
BUS_875,BUS_875
BUS_876,BUS_876
BUS_877,BUS_877
BUS_878,BUS_878
BUS_879,BUS_879
BUS_880,BUS_880
BUS_881,BUS_881
BUS_882,BUS_882
BUS_883,BUS_883
BUS_884,BUS_884
BUS_885,BUS_885
BUS_886,BUS_886
BUS_887,BUS_887
BUS_888,BUS_888
BUS_889,BUS_889
BUS_890,BUS_890
BUS_891,BUS_891
BUS_892,BUS_892
BUS_893,BUS_893
BUS_894,BUS_894
BUS_895,BUS_895
BUS_896,BUS_896
BUS_897,BUS_897
BUS_898,BUS_898
BUS_899,BUS_899
BUS_900,BUS_900
BUS_901,BUS_901
BUS_902,BUS_902
BUS_903,BUS_903
BUS_904,BUS_904
BUS_905,BUS_905
BUS_906,BUS_906
BUS_907,BUS_907
BUS_908,BUS_908
BUS_909,BUS_909
BUS_910,BUS_910
BUS_911,BUS_911
BUS_912,BUS_912
BUS_913,BUS_913
BUS_914,BUS_914
BUS_915,BUS_915
BUS_916,BUS_916
BUS_917,BUS_917
BUS_918,BUS_918
BUS_919,BUS_919
BUS_920,BUS_920
BUS_921,BUS_921
BUS_922,BUS_922
BUS_923,BUS_923
BUS_924,BUS_924
BUS_925,BUS_925
BUS_926,BUS_926
BUS_927,BUS_927
BUS_928,BUS_928
BUS_929,BUS_929
BUS_930,BUS_930
BUS_931,BUS_931
BUS_932,BUS_932
BUS_933,BUS_933
BUS_934,BUS_934
BUS_935,BUS_935
BUS_936,BUS_936
BUS_937,BUS_937
BUS_938,BUS_938
BUS_939,BUS_939
BUS_940,BUS_940
BUS_941,BUS_941
BUS_942,BUS_942
BUS_943,BUS_943
BUS_944,BUS_944
BUS_945,BUS_945
BUS_946,BUS_946
BUS_947,BUS_947
BUS_948,BUS_948
BUS_949,BUS_949
BUS_950,BUS_950
BUS_951,BUS_951
BUS_952,BUS_952
BUS_953,BUS_953
BUS_954,BUS_954
BUS_955,BUS_955
BUS_956,BUS_956
BUS_957,BUS_957
BUS_958,BUS_958
BUS_959,BUS_959
BUS_960,BUS_960
BUS_961,BUS_961
BUS_962,BUS_962
BUS_963,BUS_963
BUS_964,BUS_964
BUS_965,BUS_965
BUS_966,BUS_966
BUS_967,BUS_967
BUS_968,BUS_968
BUS_969,BUS_969
BUS_970,BUS_970
BUS_971,BUS_971
BUS_972,BUS_972
BUS_973,BUS_973
BUS_974,BUS_974
BUS_975,BUS_975
BUS_976,BUS_976
BUS_977,BUS_977
BUS_978,BUS_978
BUS_979,BUS_979
BUS_980,BUS_980
BUS_981,BUS_981
BUS_982,BUS_982
BUS_983,BUS_983
BUS_984,BUS_984
BUS_985,BUS_985
BUS_986,BUS_986
BUS_987,BUS_987
BUS_988,BUS_988
BUS_989,BUS_989
BUS_990,BUS_990
BUS_991,BUS_991
BUS_992,BUS_992
BUS_993,BUS_993
BUS_994,BUS_994
BUS_995,BUS_995
BUS_996,BUS_996
BUS_997,BUS_997
BUS_998,BUS_998
BUS_999,BUS_999
BUS_1000,BUS_1000
BUS_1001,BUS_1001
BUS_1002,BUS_1002
BUS_1003,BUS_1003
BUS_1004,BUS_1004
BUS_1005,BUS_1005
BUS_1006,BUS_1006
BUS_1007,BUS_1007
BUS_1008,BUS_1008
BUS_1009,BUS_1009
BUS_1010,BUS_1010
BUS_1011,BUS_1011
BUS_1012,BUS_1012
BUS_1013,BUS_1013
BUS_1014,BUS_1014
BUS_1015,BUS_1015
BUS_1016,BUS_1016
BUS_1017,BUS_1017
BUS_1018,BUS_1018
BUS_1019,BUS_1019
BUS_1020,BUS_1020
BUS_1021,BUS_1021
BUS_1022,BUS_1022
BUS_1023,BUS_1023
BUS_1024,BUS_1024
BUS_1025,BUS_1025
BUS_1026,BUS_1026
BUS_1027,BUS_1027
BUS_1028,BUS_1028
BUS_1029,BUS_1029
BUS_1030,BUS_1030
BUS_1031,BUS_1031
BUS_1032,BUS_1032
BUS_1033,BUS_1033
BUS_1034,BUS_1034
BUS_1035,BUS_1035
BUS_1036,BUS_1036
BUS_1037,BUS_1037
BUS_1038,BUS_1038
BUS_1039,BUS_1039
BUS_1040,BUS_1040
BUS_1041,BUS_1041
BUS_1042,BUS_1042
BUS_1043,BUS_1043
BUS_1044,BUS_1044
BUS_1045,BUS_1045
BUS_1046,BUS_1046
BUS_1047,BUS_1047
BUS_1048,BUS_1048
BUS_1049,BUS_1049
BUS_1050,BUS_1050
BUS_1051,BUS_1051
BUS_1052,BUS_1052
BUS_1053,BUS_1053
BUS_1054,BUS_1054
BUS_1055,BUS_1055
BUS_1056,BUS_1056
BUS_1057,BUS_1057
BUS_1058,BUS_1058
BUS_1059,BUS_1059
BUS_1060,BUS_1060
BUS_1061,BUS_1061
BUS_1062,BUS_1062
BUS_1063,BUS_1063
BUS_1064,BUS_1064
BUS_1065,BUS_1065
BUS_1066,BUS_1066
BUS_1067,BUS_1067
BUS_1068,BUS_1068
BUS_1069,BUS_1069
BUS_1070,BUS_1070
BUS_1071,BUS_1071
BUS_1072,BUS_1072
BUS_1073,BUS_1073
BUS_1074,BUS_1074
BUS_1075,BUS_1075
BUS_1076,BUS_1076
BUS_1077,BUS_1077
BUS_1078,BUS_1078
BUS_1079,BUS_1079
BUS_1080,BUS_1080
BUS_1081,BUS_1081
BUS_1082,BUS_1082
BUS_1083,BUS_1083
BUS_1084,BUS_1084
BUS_1085,BUS_1085
BUS_1086,BUS_1086
BUS_1087,BUS_1087
BUS_1088,BUS_1088
BUS_1089,BUS_1089
BUS_1090,BUS_1090
BUS_1091,BUS_1091
BUS_1092,BUS_1092
BUS_1093,BUS_1093
BUS_1094,BUS_1094
BUS_1095,BUS_1095
BUS_1096,BUS_1096
BUS_1097,BUS_1097
BUS_1098,BUS_1098
BUS_1099,BUS_1099
BUS_1100,BUS_1100
BUS_1101,BUS_1101
BUS_1102,BUS_1102
BUS_1103,BUS_1103
BUS_1104,BUS_1104
BUS_1105,BUS_1105
BUS_1106,BUS_1106
BUS_1107,BUS_1107
BUS_1108,BUS_1108
BUS_1109,BUS_1109
BUS_1110,BUS_1110
BUS_1111,BUS_1111
BUS_1112,BUS_1112
BUS_1113,BUS_1113
BUS_1114,BUS_1114
BUS_1115,BUS_1115
BUS_1116,BUS_1116
BUS_1117,BUS_1117
BUS_1118,BUS_1118
BUS_1119,BUS_1119
BUS_1120,BUS_1120
BUS_1121,BUS_1121
BUS_1122,BUS_1122
BUS_1123,BUS_1123
BUS_1124,BUS_1124
BUS_1125,BUS_1125
BUS_1126,BUS_1126
BUS_1127,BUS_1127
BUS_1128,BUS_1128
BUS_1129,BUS_1129
BUS_1130,BUS_1130
BUS_1131,BUS_1131
BUS_1132,BUS_1132
BUS_1133,BUS_1133
BUS_1134,BUS_1134
BUS_1135,BUS_1135
BUS_1136,BUS_1136
BUS_1137,BUS_1137
BUS_1138,BUS_1138
BUS_1139,BUS_1139
BUS_1140,BUS_1140
BUS_1141,BUS_1141
BUS_1142,BUS_1142
BUS_1143,BUS_1143
BUS_1144,BUS_1144
BUS_1145,BUS_1145
BUS_1146,BUS_1146
BUS_1147,BUS_1147
BUS_1148,BUS_1148
BUS_1149,BUS_1149
BUS_1150,BUS_1150
BUS_1151,BUS_1151
BUS_1152,BUS_1152
BUS_1153,BUS_1153
BUS_1154,BUS_1154
BUS_1155,BUS_1155
BUS_1156,BUS_1156
BUS_1157,BUS_1157
BUS_1158,BUS_1158
BUS_1159,BUS_1159
BUS_1160,BUS_1160
BUS_1161,BUS_1161
BUS_1162,BUS_1162
BUS_1163,BUS_1163
BUS_1164,BUS_1164
BUS_1165,BUS_1165
BUS_1166,BUS_1166
BUS_1167,BUS_1167
BUS_1168,BUS_1168
BUS_1169,BUS_1169
BUS_1170,BUS_1170
BUS_1171,BUS_1171
BUS_1172,BUS_1172
BUS_1173,BUS_1173
BUS_1174,BUS_1174
BUS_1175,BUS_1175
BUS_1176,BUS_1176
BUS_1177,BUS_1177
BUS_1178,BUS_1178
BUS_1179,BUS_1179
BUS_1180,BUS_1180
BUS_1181,BUS_1181
BUS_1182,BUS_1182
BUS_1183,BUS_1183
BUS_1184,BUS_1184
BUS_1185,BUS_1185
BUS_1186,BUS_1186
BUS_1187,BUS_1187
BUS_1188,BUS_1188
BUS_1189,BUS_1189
BUS_1190,BUS_1190
BUS_1191,BUS_1191
BUS_1192,BUS_1192
BUS_1193,BUS_1193
BUS_1194,BUS_1194
BUS_1195,BUS_1195
BUS_1196,BUS_1196
BUS_1197,BUS_1197
BUS_1198,BUS_1198
BUS_1199,BUS_1199
BUS_1200,BUS_1200
BUS_1201,BUS_1201
BUS_1202,BUS_1202
BUS_1203,BUS_1203
BUS_1204,BUS_1204
BUS_1205,BUS_1205
BUS_1206,BUS_1206
BUS_1207,BUS_1207
BUS_1208,BUS_1208
BUS_1209,BUS_1209
BUS_1210,BUS_1210
BUS_1211,BUS_1211
BUS_1212,BUS_1212
BUS_1213,BUS_1213
BUS_1214,BUS_1214
BUS_1215,BUS_1215
BUS_1216,BUS_1216
BUS_1217,BUS_1217
BUS_1218,BUS_1218
BUS_1219,BUS_1219
BUS_1220,BUS_1220
BUS_1221,BUS_1221
BUS_1222,BUS_1222
BUS_1223,BUS_1223
BUS_1224,BUS_1224
BUS_1225,BUS_1225
BUS_1226,BUS_1226
BUS_1227,BUS_1227
BUS_1228,BUS_1228
BUS_1229,BUS_1229
BUS_1230,BUS_1230
BUS_1231,BUS_1231
BUS_1232,BUS_1232
BUS_1233,BUS_1233
BUS_1234,BUS_1234
BUS_1235,BUS_1235
BUS_1236,BUS_1236
BUS_1237,BUS_1237
BUS_1238,BUS_1238
BUS_1239,BUS_1239
BUS_1240,BUS_1240
BUS_1241,BUS_1241
BUS_1242,BUS_1242
BUS_1243,BUS_1243
BUS_1244,BUS_1244
BUS_1245,BUS_1245
BUS_1246,BUS_1246
BUS_1247,BUS_1247
BUS_1248,BUS_1248
BUS_1249,BUS_1249
BUS_1250,BUS_1250
BUS_1251,BUS_1251
BUS_1252,BUS_1252
BUS_1253,BUS_1253
BUS_1254,BUS_1254
BUS_1255,BUS_1255
BUS_1256,BUS_1256
BUS_1257,BUS_1257
BUS_1258,BUS_1258
BUS_1259,BUS_1259
BUS_1260,BUS_1260
BUS_1261,BUS_1261
BUS_1262,BUS_1262
BUS_1263,BUS_1263
BUS_1264,BUS_1264
BUS_1265,BUS_1265
BUS_1266,BUS_1266
BUS_1267,BUS_1267
BUS_1268,BUS_1268
BUS_1269,BUS_1269
BUS_1270,BUS_1270
BUS_1271,BUS_1271
BUS_1272,BUS_1272
BUS_1273,BUS_1273
BUS_1274,BUS_1274
BUS_1275,BUS_1275
BUS_1276,BUS_1276
BUS_1277,BUS_1277
BUS_1278,BUS_1278
BUS_1279,BUS_1279
BUS_1280,BUS_1280
BUS_1281,BUS_1281
BUS_1282,BUS_1282
BUS_1283,BUS_1283
BUS_1284,BUS_1284
BUS_1285,BUS_1285
BUS_1286,BUS_1286
BUS_1287,BUS_1287
BUS_1288,BUS_1288
BUS_1289,BUS_1289
BUS_1290,BUS_1290
BUS_1291,BUS_1291
BUS_1292,BUS_1292
BUS_1293,BUS_1293
BUS_1294,BUS_1294
BUS_1295,BUS_1295
BUS_1296,BUS_1296
BUS_1297,BUS_1297
BUS_1298,BUS_1298
BUS_1299,BUS_1299
BUS_1300,BUS_1300
BUS_1301,BUS_1301
BUS_1302,BUS_1302
BUS_1303,BUS_1303
BUS_1304,BUS_1304
BUS_1305,BUS_1305
BUS_1306,BUS_1306
BUS_1307,BUS_1307
BUS_1308,BUS_1308
BUS_1309,BUS_1309
BUS_1310,BUS_1310
BUS_1311,BUS_1311
BUS_1312,BUS_1312
BUS_1313,BUS_1313
BUS_1314,BUS_1314
BUS_1315,BUS_1315
BUS_1316,BUS_1316
BUS_1317,BUS_1317
BUS_1318,BUS_1318
BUS_1319,BUS_1319
BUS_1320,BUS_1320
BUS_1321,BUS_1321
BUS_1322,BUS_1322
BUS_1323,BUS_1323
BUS_1324,BUS_1324
BUS_1325,BUS_1325
BUS_1326,BUS_1326
BUS_1327,BUS_1327
BUS_1328,BUS_1328
BUS_1329,BUS_1329
BUS_1330,BUS_1330
BUS_1331,BUS_1331
BUS_1332,BUS_1332
BUS_1333,BUS_1333
BUS_1334,BUS_1334
BUS_1335,BUS_1335
BUS_1336,BUS_1336
BUS_1337,BUS_1337
BUS_1338,BUS_1338
BUS_1339,BUS_1339
BUS_1340,BUS_1340
BUS_1341,BUS_1341
BUS_1342,BUS_1342
BUS_1343,BUS_1343
BUS_1344,BUS_1344
BUS_1345,BUS_1345
BUS_1346,BUS_1346
BUS_1347,BUS_1347
BUS_1348,BUS_1348
BUS_1349,BUS_1349
BUS_1350,BUS_1350
BUS_1351,BUS_1351
BUS_1352,BUS_1352
BUS_1353,BUS_1353
BUS_1354,BUS_1354
BUS_1355,BUS_1355
BUS_1356,BUS_1356
BUS_1357,BUS_1357
BUS_1358,BUS_1358
BUS_1359,BUS_1359
BUS_1360,BUS_1360
BUS_1361,BUS_1361
BUS_1362,BUS_1362
BUS_1363,BUS_1363
BUS_1364,BUS_1364
BUS_1365,BUS_1365
BUS_1366,BUS_1366
BUS_1367,BUS_1367
BUS_1368,BUS_1368
BUS_1369,BUS_1369
BUS_1370,BUS_1370
BUS_1371,BUS_1371
BUS_1372,BUS_1372
BUS_1373,BUS_1373
BUS_1374,BUS_1374
BUS_1375,BUS_1375
BUS_1376,BUS_1376
BUS_1377,BUS_1377
BUS_1378,BUS_1378
BUS_1379,BUS_1379
BUS_1380,BUS_1380
BUS_1381,BUS_1381
BUS_1382,BUS_1382
BUS_1383,BUS_1383
BUS_1384,BUS_1384
BUS_1385,BUS_1385
BUS_1386,BUS_1386
BUS_1387,BUS_1387
BUS_1388,BUS_1388
BUS_1389,BUS_1389
BUS_1390,BUS_1390
BUS_1391,BUS_1391
BUS_1392,BUS_1392
BUS_1393,BUS_1393
BUS_1394,BUS_1394
BUS_1395,BUS_1395
BUS_1396,BUS_1396
BUS_1397,BUS_1397
BUS_1398,BUS_1398
BUS_1399,BUS_1399
BUS_1400,BUS_1400
BUS_1401,BUS_1401
BUS_1402,BUS_1402
BUS_1403,BUS_1403
BUS_1404,BUS_1404
BUS_1405,BUS_1405
BUS_1406,BUS_1406
BUS_1407,BUS_1407
BUS_1408,BUS_1408
BUS_1409,BUS_1409
BUS_1410,BUS_1410
BUS_1411,BUS_1411
BUS_1412,BUS_1412
BUS_1413,BUS_1413
BUS_1414,BUS_1414
BUS_1415,BUS_1415
BUS_1416,BUS_1416
BUS_1417,BUS_1417
BUS_1418,BUS_1418
BUS_1419,BUS_1419
BUS_1420,BUS_1420
BUS_1421,BUS_1421
BUS_1422,BUS_1422
BUS_1423,BUS_1423
BUS_1424,BUS_1424
BUS_1425,BUS_1425
BUS_1426,BUS_1426
BUS_1427,BUS_1427
BUS_1428,BUS_1428
BUS_1429,BUS_1429
BUS_1430,BUS_1430
BUS_1431,BUS_1431
BUS_1432,BUS_1432
BUS_1433,BUS_1433
BUS_1434,BUS_1434
BUS_1435,BUS_1435
BUS_1436,BUS_1436
BUS_1437,BUS_1437
BUS_1438,BUS_1438
BUS_1439,BUS_1439
BUS_1440,BUS_1440
BUS_1441,BUS_1441
BUS_1442,BUS_1442
BUS_1443,BUS_1443
BUS_1444,BUS_1444
BUS_1445,BUS_1445
BUS_1446,BUS_1446
BUS_1447,BUS_1447
BUS_1448,BUS_1448
BUS_1449,BUS_1449
BUS_1450,BUS_1450
BUS_1451,BUS_1451
BUS_1452,BUS_1452
BUS_1453,BUS_1453
BUS_1454,BUS_1454
BUS_1455,BUS_1455
BUS_1456,BUS_1456
BUS_1457,BUS_1457
BUS_1458,BUS_1458
BUS_1459,BUS_1459
BUS_1460,BUS_1460
BUS_1461,BUS_1461
BUS_1462,BUS_1462
BUS_1463,BUS_1463
BUS_1464,BUS_1464
BUS_1465,BUS_1465
BUS_1466,BUS_1466
BUS_1467,BUS_1467
BUS_1468,BUS_1468
BUS_1469,BUS_1469
BUS_1470,BUS_1470
BUS_1471,BUS_1471
BUS_1472,BUS_1472
BUS_1473,BUS_1473
BUS_1474,BUS_1474
BUS_1475,BUS_1475
BUS_1476,BUS_1476
BUS_1477,BUS_1477
BUS_1478,BUS_1478
BUS_1479,BUS_1479
BUS_1480,BUS_1480
BUS_1481,BUS_1481
BUS_1482,BUS_1482
BUS_1483,BUS_1483
BUS_1484,BUS_1484
BUS_1485,BUS_1485
BUS_1486,BUS_1486
BUS_1487,BUS_1487
BUS_1488,BUS_1488
BUS_1489,BUS_1489
BUS_1490,BUS_1490
BUS_1491,BUS_1491
BUS_1492,BUS_1492
BUS_1493,BUS_1493
BUS_1494,BUS_1494
BUS_1495,BUS_1495
BUS_1496,BUS_1496
BUS_1497,BUS_1497
BUS_1498,BUS_1498
BUS_1499,BUS_1499
BUS_1500,BUS_1500
BUS_1501,BUS_1501
BUS_1502,BUS_1502
BUS_1503,BUS_1503
BUS_1504,BUS_1504
BUS_1505,BUS_1505
BUS_1506,BUS_1506
BUS_1507,BUS_1507
BUS_1508,BUS_1508
BUS_1509,BUS_1509
BUS_1510,BUS_1510
BUS_1511,BUS_1511
BUS_1512,BUS_1512
BUS_1513,BUS_1513
BUS_1514,BUS_1514
BUS_1515,BUS_1515
BUS_1516,BUS_1516
BUS_1517,BUS_1517
BUS_1518,BUS_1518
BUS_1519,BUS_1519
BUS_1520,BUS_1520
BUS_1521,BUS_1521
BUS_1522,BUS_1522
BUS_1523,BUS_1523
BUS_1524,BUS_1524
BUS_1525,BUS_1525
BUS_1526,BUS_1526
BUS_1527,BUS_1527
BUS_1528,BUS_1528
BUS_1529,BUS_1529
BUS_1530,BUS_1530
BUS_1531,BUS_1531
BUS_1532,BUS_1532
BUS_1533,BUS_1533
BUS_1534,BUS_1534
BUS_1535,BUS_1535
BUS_1536,BUS_1536
BUS_1537,BUS_1537
BUS_1538,BUS_1538
BUS_1539,BUS_1539
BUS_1540,BUS_1540
BUS_1541,BUS_1541
BUS_1542,BUS_1542
BUS_1543,BUS_1543
BUS_1544,BUS_1544
BUS_1545,BUS_1545
BUS_1546,BUS_1546
BUS_1547,BUS_1547
BUS_1548,BUS_1548
BUS_1549,BUS_1549
BUS_1550,BUS_1550
BUS_1551,BUS_1551
BUS_1552,BUS_1552
BUS_1553,BUS_1553
BUS_1554,BUS_1554
BUS_1555,BUS_1555
BUS_1556,BUS_1556
BUS_1557,BUS_1557
BUS_1558,BUS_1558
BUS_1559,BUS_1559
BUS_1560,BUS_1560
BUS_1561,BUS_1561
BUS_1562,BUS_1562
BUS_1563,BUS_1563
BUS_1564,BUS_1564
BUS_1565,BUS_1565
BUS_1566,BUS_1566
BUS_1567,BUS_1567
BUS_1568,BUS_1568
BUS_1569,BUS_1569
BUS_1570,BUS_1570
BUS_1571,BUS_1571
BUS_1572,BUS_1572
BUS_1573,BUS_1573
BUS_1574,BUS_1574
BUS_1575,BUS_1575
BUS_1576,BUS_1576
BUS_1577,BUS_1577
BUS_1578,BUS_1578
BUS_1579,BUS_1579
BUS_1580,BUS_1580
BUS_1581,BUS_1581
BUS_1582,BUS_1582
BUS_1583,BUS_1583
BUS_1584,BUS_1584
BUS_1585,BUS_1585
BUS_1586,BUS_1586
BUS_1587,BUS_1587
BUS_1588,BUS_1588
BUS_1589,BUS_1589
BUS_1590,BUS_1590
BUS_1591,BUS_1591
BUS_1592,BUS_1592
BUS_1593,BUS_1593
BUS_1594,BUS_1594
BUS_1595,BUS_1595
BUS_1596,BUS_1596
BUS_1597,BUS_1597
BUS_1598,BUS_1598
BUS_1599,BUS_1599
BUS_1600,BUS_1600
BUS_1601,BUS_1601
BUS_1602,BUS_1602
BUS_1603,BUS_1603
BUS_1604,BUS_1604
BUS_1605,BUS_1605
BUS_1606,BUS_1606
BUS_1607,BUS_1607
BUS_1608,BUS_1608
BUS_1609,BUS_1609
BUS_1610,BUS_1610
BUS_1611,BUS_1611
BUS_1612,BUS_1612
BUS_1613,BUS_1613
BUS_1614,BUS_1614
BUS_1615,BUS_1615
BUS_1616,BUS_1616
BUS_1617,BUS_1617
BUS_1618,BUS_1618
BUS_1619,BUS_1619
BUS_1620,BUS_1620
BUS_1621,BUS_1621
BUS_1622,BUS_1622
BUS_1623,BUS_1623
BUS_1624,BUS_1624
BUS_1625,BUS_1625
BUS_1626,BUS_1626
BUS_1627,BUS_1627
BUS_1628,BUS_1628
BUS_1629,BUS_1629
BUS_1630,BUS_1630
BUS_1631,BUS_1631
BUS_1632,BUS_1632
BUS_1633,BUS_1633
BUS_1634,BUS_1634
BUS_1635,BUS_1635
BUS_1636,BUS_1636
BUS_1637,BUS_1637
BUS_1638,BUS_1638
BUS_1639,BUS_1639
BUS_1640,BUS_1640
BUS_1641,BUS_1641
BUS_1642,BUS_1642
BUS_1643,BUS_1643
BUS_1644,BUS_1644
BUS_1645,BUS_1645
BUS_1646,BUS_1646
BUS_1647,BUS_1647
BUS_1648,BUS_1648
BUS_1649,BUS_1649
BUS_1650,BUS_1650
BUS_1651,BUS_1651
BUS_1652,BUS_1652
BUS_1653,BUS_1653
BUS_1654,BUS_1654
BUS_1655,BUS_1655
BUS_1656,BUS_1656
BUS_1657,BUS_1657
BUS_1658,BUS_1658
BUS_1659,BUS_1659
BUS_1660,BUS_1660
BUS_1661,BUS_1661
BUS_1662,BUS_1662
BUS_1663,BUS_1663
BUS_1664,BUS_1664
BUS_1665,BUS_1665
BUS_1666,BUS_1666
BUS_1667,BUS_1667
BUS_1668,BUS_1668
BUS_1669,BUS_1669
BUS_1670,BUS_1670
BUS_1671,BUS_1671
BUS_1672,BUS_1672
BUS_1673,BUS_1673
BUS_1674,BUS_1674
BUS_1675,BUS_1675
BUS_1676,BUS_1676
BUS_1677,BUS_1677
BUS_1678,BUS_1678
BUS_1679,BUS_1679
BUS_1680,BUS_1680
BUS_1681,BUS_1681
BUS_1682,BUS_1682
BUS_1683,BUS_1683
BUS_1684,BUS_1684
BUS_1685,BUS_1685
BUS_1686,BUS_1686
BUS_1687,BUS_1687
BUS_1688,BUS_1688
BUS_1689,BUS_1689
BUS_1690,BUS_1690
BUS_1691,BUS_1691
BUS_1692,BUS_1692
BUS_1693,BUS_1693
BUS_1694,BUS_1694
BUS_1695,BUS_1695
BUS_1696,BUS_1696
BUS_1697,BUS_1697
BUS_1698,BUS_1698
BUS_1699,BUS_1699
BUS_1700,BUS_1700
BUS_1701,BUS_1701
BUS_1702,BUS_1702
BUS_1703,BUS_1703
BUS_1704,BUS_1704
BUS_1705,BUS_1705
BUS_1706,BUS_1706
BUS_1707,BUS_1707
BUS_1708,BUS_1708
BUS_1709,BUS_1709
BUS_1710,BUS_1710
BUS_1711,BUS_1711
BUS_1712,BUS_1712
BUS_1713,BUS_1713
BUS_1714,BUS_1714
BUS_1715,BUS_1715
BUS_1716,BUS_1716
BUS_1717,BUS_1717
BUS_1718,BUS_1718
BUS_1719,BUS_1719
BUS_1720,BUS_1720
BUS_1721,BUS_1721
BUS_1722,BUS_1722
BUS_1723,BUS_1723
BUS_1724,BUS_1724
BUS_1725,BUS_1725
BUS_1726,BUS_1726
BUS_1727,BUS_1727
BUS_1728,BUS_1728
BUS_1729,BUS_1729
BUS_1730,BUS_1730
BUS_1731,BUS_1731
BUS_1732,BUS_1732
BUS_1733,BUS_1733
BUS_1734,BUS_1734
BUS_1735,BUS_1735
BUS_1736,BUS_1736
BUS_1737,BUS_1737
BUS_1738,BUS_1738
BUS_1739,BUS_1739
BUS_1740,BUS_1740
BUS_1741,BUS_1741
BUS_1742,BUS_1742
BUS_1743,BUS_1743
BUS_1744,BUS_1744
BUS_1745,BUS_1745
BUS_1746,BUS_1746
BUS_1747,BUS_1747
BUS_1748,BUS_1748
BUS_1749,BUS_1749
BUS_1750,BUS_1750
BUS_1751,BUS_1751
BUS_1752,BUS_1752
BUS_1753,BUS_1753
BUS_1754,BUS_1754
BUS_1755,BUS_1755
BUS_1756,BUS_1756
BUS_1757,BUS_1757
BUS_1758,BUS_1758
BUS_1759,BUS_1759
BUS_1760,BUS_1760
BUS_1761,BUS_1761
BUS_1762,BUS_1762
BUS_1763,BUS_1763
BUS_1764,BUS_1764
BUS_1765,BUS_1765
BUS_1766,BUS_1766
BUS_1767,BUS_1767
BUS_1768,BUS_1768
BUS_1769,BUS_1769
BUS_1770,BUS_1770
BUS_1771,BUS_1771
BUS_1772,BUS_1772
BUS_1773,BUS_1773
BUS_1774,BUS_1774
BUS_1775,BUS_1775
BUS_1776,BUS_1776
BUS_1777,BUS_1777
BUS_1778,BUS_1778
BUS_1779,BUS_1779
BUS_1780,BUS_1780
BUS_1781,BUS_1781
BUS_1782,BUS_1782
BUS_1783,BUS_1783
BUS_1784,BUS_1784
BUS_1785,BUS_1785
BUS_1786,BUS_1786
BUS_1787,BUS_1787
BUS_1788,BUS_1788
BUS_1789,BUS_1789
BUS_1790,BUS_1790
BUS_1791,BUS_1791
BUS_1792,BUS_1792
BUS_1793,BUS_1793
BUS_1794,BUS_1794
BUS_1795,BUS_1795
BUS_1796,BUS_1796
BUS_1797,BUS_1797
BUS_1798,BUS_1798
BUS_1799,BUS_1799
BUS_1800,BUS_1800
BUS_1801,BUS_1801
BUS_1802,BUS_1802
BUS_1803,BUS_1803
BUS_1804,BUS_1804
BUS_1805,BUS_1805
BUS_1806,BUS_1806
BUS_1807,BUS_1807
BUS_1808,BUS_1808
BUS_1809,BUS_1809
BUS_1810,BUS_1810
BUS_1811,BUS_1811
BUS_1812,BUS_1812
BUS_1813,BUS_1813
BUS_1814,BUS_1814
BUS_1815,BUS_1815
BUS_1816,BUS_1816
BUS_1817,BUS_1817
BUS_1818,BUS_1818
BUS_1819,BUS_1819
BUS_1820,BUS_1820
BUS_1821,BUS_1821
BUS_1822,BUS_1822
BUS_1823,BUS_1823
BUS_1824,BUS_1824
BUS_1825,BUS_1825
BUS_1826,BUS_1826
BUS_1827,BUS_1827
BUS_1828,BUS_1828
BUS_1829,BUS_1829
BUS_1830,BUS_1830
BUS_1831,BUS_1831
BUS_1832,BUS_1832
BUS_1833,BUS_1833
BUS_1834,BUS_1834
BUS_1835,BUS_1835
BUS_1836,BUS_1836
BUS_1837,BUS_1837
BUS_1838,BUS_1838
BUS_1839,BUS_1839
BUS_1840,BUS_1840
BUS_1841,BUS_1841
BUS_1842,BUS_1842
BUS_1843,BUS_1843
BUS_1844,BUS_1844
BUS_1845,BUS_1845
BUS_1846,BUS_1846
BUS_1847,BUS_1847
BUS_1848,BUS_1848
BUS_1849,BUS_1849
BUS_1850,BUS_1850
BUS_1851,BUS_1851
BUS_1852,BUS_1852
BUS_1853,BUS_1853
BUS_1854,BUS_1854
BUS_1855,BUS_1855
BUS_1856,BUS_1856
BUS_1857,BUS_1857
BUS_1858,BUS_1858
BUS_1859,BUS_1859
BUS_1860,BUS_1860
BUS_1861,BUS_1861
BUS_1862,BUS_1862
BUS_1863,BUS_1863
BUS_1864,BUS_1864
BUS_1865,BUS_1865
BUS_1866,BUS_1866
BUS_1867,BUS_1867
BUS_1868,BUS_1868
BUS_1869,BUS_1869
BUS_1870,BUS_1870
BUS_1871,BUS_1871
BUS_1872,BUS_1872
BUS_1873,BUS_1873
BUS_1874,BUS_1874
BUS_1875,BUS_1875
BUS_1876,BUS_1876
BUS_1877,BUS_1877
BUS_1878,BUS_1878
BUS_1879,BUS_1879
BUS_1880,BUS_1880
BUS_1881,BUS_1881
BUS_1882,BUS_1882
BUS_1883,BUS_1883
BUS_1884,BUS_1884
BUS_1885,BUS_1885
BUS_1886,BUS_1886
BUS_1887,BUS_1887
BUS_1888,BUS_1888
BUS_1889,BUS_1889
BUS_1890,BUS_1890
BUS_1891,BUS_1891
BUS_1892,BUS_1892
BUS_1893,BUS_1893
BUS_1894,BUS_1894
BUS_1895,BUS_1895
BUS_1896,BUS_1896
BUS_1897,BUS_1897
BUS_1898,BUS_1898
BUS_1899,BUS_1899
BUS_1900,BUS_1900
BUS_1901,BUS_1901
BUS_1902,BUS_1902
BUS_1903,BUS_1903
BUS_1904,BUS_1904
BUS_1905,BUS_1905
BUS_1906,BUS_1906
BUS_1907,BUS_1907
BUS_1908,BUS_1908
BUS_1909,BUS_1909
BUS_1910,BUS_1910
BUS_1911,BUS_1911
BUS_1912,BUS_1912
BUS_1913,BUS_1913
BUS_1914,BUS_1914
BUS_1915,BUS_1915
BUS_1916,BUS_1916
BUS_1917,BUS_1917
BUS_1918,BUS_1918
BUS_1919,BUS_1919
BUS_1920,BUS_1920
BUS_1921,BUS_1921
BUS_1922,BUS_1922
BUS_1923,BUS_1923
BUS_1924,BUS_1924
BUS_1925,BUS_1925
BUS_1926,BUS_1926
BUS_1927,BUS_1927
BUS_1928,BUS_1928
BUS_1929,BUS_1929
BUS_1930,BUS_1930
BUS_1931,BUS_1931
BUS_1932,BUS_1932
BUS_1933,BUS_1933
BUS_1934,BUS_1934
BUS_1935,BUS_1935
BUS_1936,BUS_1936
BUS_1937,BUS_1937
BUS_1938,BUS_1938
BUS_1939,BUS_1939
BUS_1940,BUS_1940
BUS_1941,BUS_1941
BUS_1942,BUS_1942
BUS_1943,BUS_1943
BUS_1944,BUS_1944
BUS_1945,BUS_1945
BUS_1946,BUS_1946
BUS_1947,BUS_1947
BUS_1948,BUS_1948
BUS_1949,BUS_1949
BUS_1950,BUS_1950
BUS_1951,BUS_1951
BUS_1952,BUS_1952
BUS_1953,BUS_1953
BUS_1954,BUS_1954
BUS_1955,BUS_1955
BUS_1956,BUS_1956
BUS_1957,BUS_1957
BUS_1958,BUS_1958
BUS_1959,BUS_1959
BUS_1960,BUS_1960
BUS_1961,BUS_1961
BUS_1962,BUS_1962
BUS_1963,BUS_1963
BUS_1964,BUS_1964
BUS_1965,BUS_1965
BUS_1966,BUS_1966
BUS_1967,BUS_1967
BUS_1968,BUS_1968
BUS_1969,BUS_1969
BUS_1970,BUS_1970
BUS_1971,BUS_1971
BUS_1972,BUS_1972
BUS_1973,BUS_1973
BUS_1974,BUS_1974
BUS_1975,BUS_1975
BUS_1976,BUS_1976
BUS_1977,BUS_1977
BUS_1978,BUS_1978
BUS_1979,BUS_1979
BUS_1980,BUS_1980
BUS_1981,BUS_1981
BUS_1982,BUS_1982
BUS_1983,BUS_1983
BUS_1984,BUS_1984
BUS_1985,BUS_1985
BUS_1986,BUS_1986
BUS_1987,BUS_1987
BUS_1988,BUS_1988
BUS_1989,BUS_1989
BUS_1990,BUS_1990
BUS_1991,BUS_1991
BUS_1992,BUS_1992
BUS_1993,BUS_1993
BUS_1994,BUS_1994
BUS_1995,BUS_1995
BUS_1996,BUS_1996
BUS_1997,BUS_1997
BUS_1998,BUS_1998
BUS_1999,BUS_1999
BUS_2000,BUS_2000
BUS_2001,BUS_2001
BUS_2002,BUS_2002
BUS_2003,BUS_2003
BUS_2004,BUS_2004
BUS_2005,BUS_2005
BUS_2006,BUS_2006
BUS_2007,BUS_2007
BUS_2008,BUS_2008
BUS_2009,BUS_2009
BUS_2010,BUS_2010
BUS_2011,BUS_2011
BUS_2012,BUS_2012
BUS_2013,BUS_2013
BUS_2014,BUS_2014
BUS_2015,BUS_2015
BUS_2016,BUS_2016
BUS_2017,BUS_2017
BUS_2018,BUS_2018
BUS_2019,BUS_2019
BUS_2020,BUS_2020
BUS_2021,BUS_2021
BUS_2022,BUS_2022
BUS_2023,BUS_2023
BUS_2024,BUS_2024
BUS_2025,BUS_2025
BUS_2026,BUS_2026
BUS_2027,BUS_2027
BUS_2028,BUS_2028
BUS_2029,BUS_2029
BUS_2030,BUS_2030
BUS_2031,BUS_2031
BUS_2032,BUS_2032
BUS_2033,BUS_2033
BUS_2034,BUS_2034
BUS_2035,BUS_2035
BUS_2036,BUS_2036
BUS_2037,BUS_2037
BUS_2038,BUS_2038
BUS_2039,BUS_2039
BUS_2040,BUS_2040
BUS_2041,BUS_2041
BUS_2042,BUS_2042
BUS_2043,BUS_2043
BUS_2044,BUS_2044
BUS_2045,BUS_2045
BUS_2046,BUS_2046
BUS_2047,BUS_2047
BUS_2048,BUS_2048
BUS_2049,BUS_2049
BUS_2050,BUS_2050
BUS_2051,BUS_2051
BUS_2052,BUS_2052
BUS_2053,BUS_2053
BUS_2054,BUS_2054
BUS_2055,BUS_2055
BUS_2056,BUS_2056
BUS_2057,BUS_2057
BUS_2058,BUS_2058
BUS_2059,BUS_2059
BUS_2060,BUS_2060
BUS_2061,BUS_2061
BUS_2062,BUS_2062
BUS_2063,BUS_2063
BUS_2064,BUS_2064
BUS_2065,BUS_2065
BUS_2066,BUS_2066
BUS_2067,BUS_2067
BUS_2068,BUS_2068
BUS_2069,BUS_2069
BUS_2070,BUS_2070
BUS_2071,BUS_2071
BUS_2072,BUS_2072
BUS_2073,BUS_2073
BUS_2074,BUS_2074
BUS_2075,BUS_2075
BUS_2076,BUS_2076
BUS_2077,BUS_2077
BUS_2078,BUS_2078
BUS_2079,BUS_2079
BUS_2080,BUS_2080
BUS_2081,BUS_2081
BUS_2082,BUS_2082
BUS_2083,BUS_2083
BUS_2084,BUS_2084
BUS_2085,BUS_2085
BUS_2086,BUS_2086
BUS_2087,BUS_2087
BUS_2088,BUS_2088
BUS_2089,BUS_2089
BUS_2090,BUS_2090
BUS_2091,BUS_2091
BUS_2092,BUS_2092
BUS_2093,BUS_2093
BUS_2094,BUS_2094
BUS_2095,BUS_2095
BUS_2096,BUS_2096
BUS_2097,BUS_2097
BUS_2098,BUS_2098
BUS_2099,BUS_2099
BUS_2100,BUS_2100
BUS_2101,BUS_2101
BUS_2102,BUS_2102
BUS_2103,BUS_2103
BUS_2104,BUS_2104
BUS_2105,BUS_2105
BUS_2106,BUS_2106
BUS_2107,BUS_2107
BUS_2108,BUS_2108
BUS_2109,BUS_2109
BUS_2110,BUS_2110
BUS_2111,BUS_2111
BUS_2112,BUS_2112
BUS_2113,BUS_2113
BUS_2114,BUS_2114
BUS_2115,BUS_2115
BUS_2116,BUS_2116
BUS_2117,BUS_2117
BUS_2118,BUS_2118
BUS_2119,BUS_2119
BUS_2120,BUS_2120
BUS_2121,BUS_2121
BUS_2122,BUS_2122
BUS_2123,BUS_2123
BUS_2124,BUS_2124
BUS_2125,BUS_2125
BUS_2126,BUS_2126
BUS_2127,BUS_2127
BUS_2128,BUS_2128
BUS_2129,BUS_2129
BUS_2130,BUS_2130
BUS_2131,BUS_2131
BUS_2132,BUS_2132
BUS_2133,BUS_2133
BUS_2134,BUS_2134
BUS_2135,BUS_2135
BUS_2136,BUS_2136
BUS_2137,BUS_2137
BUS_2138,BUS_2138
BUS_2139,BUS_2139
BUS_2140,BUS_2140
BUS_2141,BUS_2141
BUS_2142,BUS_2142
BUS_2143,BUS_2143
BUS_2144,BUS_2144
BUS_2145,BUS_2145
BUS_2146,BUS_2146
BUS_2147,BUS_2147
BUS_2148,BUS_2148
BUS_2149,BUS_2149
BUS_2150,BUS_2150
BUS_2151,BUS_2151
BUS_2152,BUS_2152
BUS_2153,BUS_2153
BUS_2154,BUS_2154
BUS_2155,BUS_2155
BUS_2156,BUS_2156
BUS_2157,BUS_2157
BUS_2158,BUS_2158
BUS_2159,BUS_2159
BUS_2160,BUS_2160
BUS_2161,BUS_2161
BUS_2162,BUS_2162
BUS_2163,BUS_2163
BUS_2164,BUS_2164
BUS_2165,BUS_2165
BUS_2166,BUS_2166
BUS_2167,BUS_2167
BUS_2168,BUS_2168
BUS_2169,BUS_2169
BUS_2170,BUS_2170
BUS_2171,BUS_2171
BUS_2172,BUS_2172
BUS_2173,BUS_2173
BUS_2174,BUS_2174
BUS_2175,BUS_2175
BUS_2176,BUS_2176
BUS_2177,BUS_2177
BUS_2178,BUS_2178
BUS_2179,BUS_2179
BUS_2180,BUS_2180
BUS_2181,BUS_2181
BUS_2182,BUS_2182
BUS_2183,BUS_2183
BUS_2184,BUS_2184
BUS_2185,BUS_2185
BUS_2186,BUS_2186
BUS_2187,BUS_2187
BUS_2188,BUS_2188
BUS_2189,BUS_2189
BUS_2190,BUS_2190
BUS_2191,BUS_2191
BUS_2192,BUS_2192
BUS_2193,BUS_2193
BUS_2194,BUS_2194
BUS_2195,BUS_2195
BUS_2196,BUS_2196
BUS_2197,BUS_2197
BUS_2198,BUS_2198
BUS_2199,BUS_2199
BUS_2200,BUS_2200
BUS_2201,BUS_2201
BUS_2202,BUS_2202
BUS_2203,BUS_2203
BUS_2204,BUS_2204
BUS_2205,BUS_2205
BUS_2206,BUS_2206
BUS_2207,BUS_2207
BUS_2208,BUS_2208
BUS_2209,BUS_2209
BUS_2210,BUS_2210
BUS_2211,BUS_2211
BUS_2212,BUS_2212
BUS_2213,BUS_2213
BUS_2214,BUS_2214
BUS_2215,BUS_2215
BUS_2216,BUS_2216
BUS_2217,BUS_2217
BUS_2218,BUS_2218
BUS_2219,BUS_2219
BUS_2220,BUS_2220
BUS_2221,BUS_2221
BUS_2222,BUS_2222
BUS_2223,BUS_2223
BUS_2224,BUS_2224
BUS_2225,BUS_2225
BUS_2226,BUS_2226
BUS_2227,BUS_2227
BUS_2228,BUS_2228
BUS_2229,BUS_2229
BUS_2230,BUS_2230
BUS_2231,BUS_2231
BUS_2232,BUS_2232
BUS_2233,BUS_2233
BUS_2234,BUS_2234
BUS_2235,BUS_2235
BUS_2236,BUS_2236
BUS_2237,BUS_2237
BUS_2238,BUS_2238
BUS_2239,BUS_2239
BUS_2240,BUS_2240
BUS_2241,BUS_2241
BUS_2242,BUS_2242
BUS_2243,BUS_2243
BUS_2244,BUS_2244
BUS_2245,BUS_2245
BUS_2246,BUS_2246
BUS_2247,BUS_2247
BUS_2248,BUS_2248
BUS_2249,BUS_2249
BUS_2250,BUS_2250
BUS_2251,BUS_2251
BUS_2252,BUS_2252
BUS_2253,BUS_2253
BUS_2254,BUS_2254
BUS_2255,BUS_2255
BUS_2256,BUS_2256
BUS_2257,BUS_2257
BUS_2258,BUS_2258
BUS_2259,BUS_2259
BUS_2260,BUS_2260
BUS_2261,BUS_2261
BUS_2262,BUS_2262
BUS_2263,BUS_2263
BUS_2264,BUS_2264
BUS_2265,BUS_2265
BUS_2266,BUS_2266
BUS_2267,BUS_2267
BUS_2268,BUS_2268
BUS_2269,BUS_2269
BUS_2270,BUS_2270
BUS_2271,BUS_2271
BUS_2272,BUS_2272
BUS_2273,BUS_2273
BUS_2274,BUS_2274
BUS_2275,BUS_2275
BUS_2276,BUS_2276
BUS_2277,BUS_2277
BUS_2278,BUS_2278
BUS_2279,BUS_2279
BUS_2280,BUS_2280
BUS_2281,BUS_2281
BUS_2282,BUS_2282
BUS_2283,BUS_2283
BUS_2284,BUS_2284
BUS_2285,BUS_2285
BUS_2286,BUS_2286
BUS_2287,BUS_2287
BUS_2288,BUS_2288
BUS_2289,BUS_2289
BUS_2290,BUS_2290
BUS_2291,BUS_2291
BUS_2292,BUS_2292
BUS_2293,BUS_2293
BUS_2294,BUS_2294
BUS_2295,BUS_2295
BUS_2296,BUS_2296
BUS_2297,BUS_2297
BUS_2298,BUS_2298
BUS_2299,BUS_2299
BUS_2300,BUS_2300
BUS_2301,BUS_2301
BUS_2302,BUS_2302
BUS_2303,BUS_2303
BUS_2304,BUS_2304
BUS_2305,BUS_2305
BUS_2306,BUS_2306
BUS_2307,BUS_2307
BUS_2308,BUS_2308
BUS_2309,BUS_2309
BUS_2310,BUS_2310
BUS_2311,BUS_2311
BUS_2312,BUS_2312
BUS_2313,BUS_2313
BUS_2314,BUS_2314
BUS_2315,BUS_2315
BUS_2316,BUS_2316
BUS_2317,BUS_2317
BUS_2318,BUS_2318
BUS_2319,BUS_2319
BUS_2320,BUS_2320
BUS_2321,BUS_2321
BUS_2322,BUS_2322
BUS_2323,BUS_2323
BUS_2324,BUS_2324
BUS_2325,BUS_2325
BUS_2326,BUS_2326
BUS_2327,BUS_2327
BUS_2328,BUS_2328
BUS_2329,BUS_2329
BUS_2330,BUS_2330
BUS_2331,BUS_2331
BUS_2332,BUS_2332
BUS_2333,BUS_2333
BUS_2334,BUS_2334
BUS_2335,BUS_2335
BUS_2336,BUS_2336
BUS_2337,BUS_2337
BUS_2338,BUS_2338
BUS_2339,BUS_2339
BUS_2340,BUS_2340
BUS_2341,BUS_2341
BUS_2342,BUS_2342
BUS_2343,BUS_2343
BUS_2344,BUS_2344
BUS_2345,BUS_2345
BUS_2346,BUS_2346
BUS_2347,BUS_2347
BUS_2348,BUS_2348
BUS_2349,BUS_2349
BUS_2350,BUS_2350
BUS_2351,BUS_2351
BUS_2352,BUS_2352
BUS_2353,BUS_2353
BUS_2354,BUS_2354
BUS_2355,BUS_2355
BUS_2356,BUS_2356
BUS_2357,BUS_2357
BUS_2358,BUS_2358
BUS_2359,BUS_2359
BUS_2360,BUS_2360
BUS_2361,BUS_2361
BUS_2362,BUS_2362
BUS_2363,BUS_2363
BUS_2364,BUS_2364
BUS_2365,BUS_2365
BUS_2366,BUS_2366
BUS_2367,BUS_2367
BUS_2368,BUS_2368
BUS_2369,BUS_2369
BUS_2370,BUS_2370
BUS_2371,BUS_2371
BUS_2372,BUS_2372
BUS_2373,BUS_2373
BUS_2374,BUS_2374
BUS_2375,BUS_2375
BUS_2376,BUS_2376
BUS_2377,BUS_2377
BUS_2378,BUS_2378
BUS_2379,BUS_2379
BUS_2380,BUS_2380
BUS_2381,BUS_2381
BUS_2382,BUS_2382
BUS_2383,BUS_2383
